ERX3946465,contig_24
ERX4553532,contig_76
ERX4580469,contig_78
ERX4652751,contig_31
ERX4653065,contig_27
ERX4767440,contig_127
ERX5170488,contig_28
ERX5170893,contig_27
ERX5352680,contig_29
ERX5352887,contig_16
ERX5451698,contig_112
ERX6560493,contig_25
ERX6560509,contig_28
ERX6692382,contig_22
ERX6732177,contig_34
ERX8673584,contig_28
ERX8734030,contig_16
ERX8734032,contig_17
SRX10186570,contig_110
SRX10186606,contig_65
SRX10186755,contig_65
SRX10186823,contig_68
SRX10205297,contig_51
SRX10205472,contig_119
SRX10345345,contig_13
SRX10345448,contig_27
SRX10346495,contig_34
SRX11011994,contig_47
SRX11012000,contig_69
SRX11012004,contig_27
SRX11012052,contig_66
SRX11351805,contig_41
SRX11759708,contig_37
SRX11759738,contig_44
SRX11760074,contig_39
SRX11760161,contig_38
SRX11760165,contig_35
SRX11760290,contig_36
SRX11760329,contig_38
SRX11760377,contig_39
SRX11760389,contig_39
SRX12195359,contig_44
SRX12195366,contig_24
SRX12390117,contig_23
SRX12744395,contig_31
SRX12744396,contig_25
SRX12744398,contig_27
SRX12744401,contig_25
SRX14109169,contig_32
SRX14109225,contig_26
SRX14109240,contig_82
SRX14706951,contig_21
SRX14706988,contig_16
SRX14706989,contig_32
SRX14706995,contig_22
SRX14706996,contig_23
SRX14707027,contig_46
SRX14707038,contig_18
SRX14707058,contig_23
SRX14707083,contig_23
SRX3444099,contig_65
SRX3883185,contig_71
SRX4706664,contig_34
SRX4706796,contig_53
SRX4706798,contig_53
SRX6773366,contig_49
SRX6773375,contig_51
SRX6773378,contig_44
SRX6773387,contig_50
SRX6773462,contig_57
SRX6834355,contig_29
SRX6834356,contig_23
SRX6834358,contig_38
SRX6834369,contig_21
SRX6834370,contig_19
SRX6834375,contig_18
SRX6834381,contig_52
SRX6874850,contig_30
SRX8966677,contig_41
SRX8966876,contig_40
SRX8966903,contig_35
SRX8967043,contig_41
SRX8967044,contig_36
SRX8967051,contig_41
SRX8967166,contig_35
SRX9130903,contig_38
CP025250.1
CP094716.1
AJ888003.1
CP016075.1
OL880245.1
CP029708.1
HG813243.1
CP118804.1
KF290957.1
CP118829.1
AE015930.1
CP031268.1
MN612109.1
CP118781.1
CP128253.1
MW364977.1
MW364985.1
MH068822.1
CP084438.1
CP118854.1
CP033733.1
CP069487.1
CP065654.1
CP132558.1
CP118975.1
CP092479.1
CP068062.1
CP094727.1
MF445422.1
CP094735.1
CP118855.1
CP033814.1
CP102566.2
CP043847.1
CP118815.1
CP054447.1
CP051150.1
CP068480.1
CP043792.1
CP118840.1
CP053472.1
CP121503.1
CP025031.1
CP038249.1
CP132560.1
JX893516.1
CP024440.1
CP094699.1
CP121529.1
CP043841.1
KM369884.1
CP118834.1
CP068218.1
CP118779.1
CP043801.1
CP095090.1
CP094730.1
CP034113.1
CP035290.1
CP118827.1
AP019722.1
CP020618.1
AY672108.1
DRX100326,contig_17
DRX203040,contig_65
DRX203044,contig_37
DRX203065,contig_43
DRX203067,contig_40
DRX203068,contig_47
DRX203069,contig_39
DRX203070,contig_47
DRX203072,contig_42
DRX216548,contig_138
DRX216557,contig_132
DRX216561,contig_193
DRX216563,contig_49
DRX216571,contig_47
DRX216577,contig_48
DRX262069,contig_42
DRX317806,contig_55
DRX317857,contig_37
ERX001172,contig_79
ERX015574,contig_85
ERX015863,contig_55
ERX015877,contig_60
ERX015887,contig_70
ERX015888,contig_64
ERX020498,contig_66
ERX020502,contig_74
ERX020506,contig_82
ERX020510,contig_65
ERX021270,contig_83
ERX021274,contig_106
ERX021278,contig_82
ERX021282,contig_77
ERX021286,contig_89
ERX021290,contig_77
ERX021294,contig_69
ERX021298,contig_73
ERX021302,contig_72
ERX021306,contig_70
ERX021310,contig_79
ERX021314,contig_80
ERX021318,contig_74
ERX021322,contig_77
ERX021326,contig_77
ERX021329,contig_87
ERX021334,contig_78
ERX021338,contig_75
ERX021342,contig_71
ERX021346,contig_196
ERX021350,contig_83
ERX021354,contig_192
ERX021361,contig_128
ERX021368,contig_71
ERX022501,contig_78
ERX022505,contig_93
ERX022509,contig_90
ERX022521,contig_93
ERX022525,contig_88
ERX022527,contig_219
ERX022535,contig_115
ERX023465,contig_79
ERX023470,contig_79
ERX023541,contig_81
ERX023474,contig_79
ERX023478,contig_76
ERX023482,contig_78
ERX023483,contig_68
ERX023490,contig_74
ERX023494,contig_73
ERX023498,contig_122
ERX023499,contig_73
ERX023506,contig_77
ERX023510,contig_79
ERX023511,contig_62
ERX023515,contig_65
ERX023519,contig_80
ERX023523,contig_65
ERX023528,contig_60
ERX023533,contig_59
ERX023537,contig_64
ERX023545,contig_81
ERX023546,contig_64
ERX023550,contig_63
ERX023557,contig_59
ERX023561,contig_60
ERX023562,contig_61
ERX023566,contig_62
ERX023570,contig_61
ERX023574,contig_58
ERX023580,contig_65
ERX023584,contig_64
ERX023588,contig_76
ERX025411,contig_71
ERX030056,contig_56
ERX030060,contig_65
ERX030061,contig_62
ERX030064,contig_61
ERX030065,contig_59
ERX030066,contig_58
ERX030067,contig_55
ERX030068,contig_60
ERX030069,contig_57
ERX030070,contig_63
ERX030071,contig_57
ERX030072,contig_50
ERX030073,contig_59
ERX030074,contig_62
ERX030075,contig_59
ERX030077,contig_70
ERX030078,contig_59
ERX030079,contig_58
ERX030080,contig_56
ERX030081,contig_64
ERX030082,contig_56
ERX030083,contig_61
ERX030084,contig_57
ERX030085,contig_60
ERX030086,contig_62
ERX030087,contig_66
ERX030088,contig_65
ERX030089,contig_62
ERX030090,contig_63
ERX030091,contig_68
ERX030092,contig_57
ERX030093,contig_59
ERX030094,contig_67
ERX042872,contig_67
ERX042873,contig_65
ERX042874,contig_59
ERX042879,contig_56
ERX042884,contig_55
ERX042900,contig_61
ERX042901,contig_66
ERX042902,contig_56
ERX042904,contig_64
ERX042905,contig_53
ERX042906,contig_63
ERX042907,contig_59
ERX042908,contig_62
ERX042915,contig_59
ERX042916,contig_51
ERX042917,contig_53
ERX042918,contig_51
ERX042919,contig_57
ERX042920,contig_62
ERX050015,contig_55
ERX062377,contig_42
ERX062434,contig_47
ERX062447,contig_52
ERX062450,contig_55
ERX062454,contig_54
ERX062455,contig_50
ERX062456,contig_53
ERX062457,contig_57
ERX062458,contig_51
ERX062459,contig_59
ERX062460,contig_60
ERX062461,contig_60
ERX062462,contig_54
ERX062463,contig_53
ERX062464,contig_56
ERX062465,contig_55
ERX062466,contig_53
ERX063185,contig_46
ERX063815,contig_57
ERX063860,contig_58
ERX063882,contig_58
ERX063883,contig_58
ERX063887,contig_51
ERX063894,contig_54
ERX063901,contig_67
ERX067791,contig_4
ERX085225,contig_41
ERX085363,contig_58
ERX086661,contig_59
ERX086975,contig_48
ERX087085,contig_53
ERX087115,contig_53
ERX087118,contig_47
ERX088232,contig_35
ERX088233,contig_37
ERX088234,contig_32
ERX088235,contig_39
ERX088236,contig_34
ERX088237,contig_32
ERX088238,contig_30
ERX088239,contig_32
ERX088240,contig_35
ERX088241,contig_37
ERX088242,contig_37
ERX088243,contig_34
ERX088244,contig_36
ERX088245,contig_32
ERX088246,contig_39
ERX088247,contig_39
ERX088248,contig_35
ERX088249,contig_37
ERX088250,contig_41
ERX088251,contig_36
ERX088252,contig_38
ERX088253,contig_43
ERX088254,contig_35
ERX088255,contig_36
ERX088256,contig_34
ERX088257,contig_34
ERX088258,contig_38
ERX088259,contig_51
ERX088260,contig_41
ERX088261,contig_48
ERX088262,contig_34
ERX088263,contig_41
ERX088264,contig_41
ERX088265,contig_39
ERX088266,contig_35
ERX088268,contig_31
ERX088269,contig_33
ERX088270,contig_35
ERX088271,contig_36
ERX088272,contig_45
ERX088273,contig_34
ERX088274,contig_37
ERX088275,contig_36
ERX088278,contig_52
ERX088279,contig_37
ERX088471,contig_48
ERX088539,contig_52
ERX092190,contig_62
ERX094606,contig_48
ERX096629,contig_50
ERX096631,contig_58
ERX096634,contig_63
ERX096635,contig_52
ERX096637,contig_55
ERX096640,contig_60
ERX096641,contig_54
ERX096642,contig_58
ERX096643,contig_51
ERX096649,contig_57
ERX096651,contig_57
ERX096652,contig_56
ERX096662,contig_54
ERX096668,contig_58
ERX096674,contig_58
ERX096675,contig_52
ERX096676,contig_54
ERX096678,contig_53
ERX096679,contig_52
ERX096685,contig_51
ERX096686,contig_62
ERX096690,contig_51
ERX096692,contig_56
ERX096694,contig_63
ERX096695,contig_52
ERX096696,contig_56
ERX096698,contig_56
ERX096699,contig_55
ERX096701,contig_53
ERX096703,contig_53
ERX096705,contig_51
ERX096710,contig_54
ERX096712,contig_54
ERX096713,contig_51
ERX096714,contig_52
ERX096715,contig_55
ERX096717,contig_53
ERX096720,contig_57
ERX096721,contig_55
ERX096725,contig_56
ERX096726,contig_61
ERX096734,contig_57
ERX096735,contig_55
ERX096737,contig_62
ERX096744,contig_59
ERX096745,contig_56
ERX096746,contig_58
ERX096747,contig_58
ERX096751,contig_54
ERX096767,contig_54
ERX100675,contig_49
ERX100678,contig_49
ERX1028038,contig_37
ERX1033523,contig_38
ERX1033535,contig_25
ERX1033536,contig_25
ERX1033559,contig_39
ERX1033563,contig_42
ERX1033590,contig_31
ERX1033736,contig_41
ERX1035166,contig_37
ERX103549,contig_40
ERX103552,contig_35
ERX103553,contig_40
ERX103555,contig_34
ERX103557,contig_38
ERX103558,contig_32
ERX1043719,contig_43
ERX1048145,contig_69
ERX1048192,contig_38
ERX1048233,contig_31
ERX1048287,contig_36
ERX105420,contig_40
ERX1086497,contig_49
ERX1086498,contig_48
ERX1086789,contig_38
ERX1098176,contig_51
ERX1101003,contig_199
ERX1101023,contig_50
ERX1103517,contig_37
ERX1103521,contig_40
ERX1103527,contig_40
ERX1103550,contig_43
ERX1103551,contig_43
ERX1103554,contig_43
ERX1103557,contig_48
ERX1103558,contig_44
ERX1103559,contig_40
ERX1103563,contig_41
ERX1103564,contig_44
ERX1103565,contig_43
ERX1103572,contig_36
ERX1103574,contig_44
ERX1103575,contig_40
ERX1103577,contig_47
ERX1103581,contig_44
ERX1103582,contig_40
ERX1103583,contig_37
ERX1103584,contig_50
ERX1103585,contig_37
ERX1103586,contig_39
ERX1103587,contig_49
ERX1103592,contig_46
ERX1103593,contig_44
ERX1103594,contig_47
ERX1103597,contig_45
ERX1103598,contig_43
ERX1103599,contig_49
ERX1103601,contig_47
ERX1103602,contig_51
ERX1103604,contig_42
ERX1103612,contig_43
ERX1103620,contig_40
ERX1103621,contig_41
ERX1103627,contig_45
ERX1103628,contig_46
ERX1103629,contig_46
ERX1103630,contig_49
ERX1103634,contig_45
ERX1103638,contig_46
ERX1103639,contig_49
ERX1103644,contig_46
ERX1103647,contig_43
ERX1103648,contig_45
ERX1103649,contig_45
ERX1103651,contig_49
ERX1103652,contig_44
ERX1103653,contig_42
ERX1103656,contig_46
ERX1103664,contig_43
ERX1103665,contig_41
ERX1103666,contig_40
ERX1103673,contig_47
ERX1103675,contig_39
ERX1103678,contig_45
ERX1103679,contig_41
ERX1103686,contig_49
ERX1103687,contig_48
ERX1103690,contig_47
ERX1103691,contig_43
ERX1103692,contig_48
ERX1103694,contig_39
ERX1103695,contig_42
ERX1103697,contig_39
ERX1103705,contig_41
ERX1103714,contig_43
ERX1103716,contig_45
ERX1103718,contig_38
ERX1103724,contig_43
ERX1103731,contig_41
ERX1103732,contig_22
ERX1103733,contig_35
ERX1103734,contig_40
ERX1103736,contig_33
ERX1103738,contig_45
ERX1103739,contig_47
ERX1103740,contig_52
ERX110376,contig_24
ERX110381,contig_34
ERX110392,contig_41
ERX110393,contig_37
ERX110630,contig_23
ERX110635,contig_35
ERX110700,contig_30
ERX110709,contig_32
ERX110715,contig_35
ERX110722,contig_34
ERX110848,contig_30
ERX1114461,contig_40
ERX1114556,contig_42
ERX1114599,contig_39
ERX1114610,contig_277
ERX1120245,contig_31
ERX1120261,contig_29
ERX1120291,contig_51
ERX1120305,contig_62
ERX1120316,contig_58
ERX1120342,contig_30
ERX1120349,contig_23
ERX1120368,contig_41
ERX1120370,contig_34
ERX1120376,contig_24
ERX1120377,contig_122
ERX1120384,contig_23
ERX1120456,contig_38
ERX1120457,contig_38
ERX1120503,contig_68
ERX1120505,contig_110
ERX1120533,contig_28
ERX1120573,contig_25
ERX1120583,contig_19
ERX1120625,contig_34
ERX1120639,contig_63
ERX1126795,contig_46
ERX1126796,contig_42
ERX1126802,contig_43
ERX1126803,contig_48
ERX1126805,contig_41
ERX1126807,contig_46
ERX1126808,contig_44
ERX1126813,contig_39
ERX1126821,contig_47
ERX1126828,contig_45
ERX1126829,contig_45
ERX1126830,contig_48
ERX1126833,contig_37
ERX1126840,contig_42
ERX1126842,contig_45
ERX1130800,contig_28
ERX1130801,contig_21
ERX1130802,contig_25
ERX1130803,contig_29
ERX1130804,contig_29
ERX1130805,contig_25
ERX1130806,contig_29
ERX113320,contig_32
ERX113335,contig_35
ERX113346,contig_35
ERX113350,contig_30
ERX113405,contig_33
ERX113414,contig_31
ERX113928,contig_30
ERX113929,contig_37
ERX114013,contig_34
ERX114014,contig_37
ERX114015,contig_36
ERX1143771,contig_22
ERX1143773,contig_20
ERX1149522,contig_32
ERX1149523,contig_43
ERX1149524,contig_43
ERX1149525,contig_43
ERX1149531,contig_44
ERX1149533,contig_43
ERX1149534,contig_51
ERX1149537,contig_45
ERX1149540,contig_40
ERX1149542,contig_41
ERX1149547,contig_36
ERX1149550,contig_41
ERX1149551,contig_42
ERX1149555,contig_42
ERX1149556,contig_43
ERX1149558,contig_38
ERX1149559,contig_41
ERX1149560,contig_47
ERX1149566,contig_40
ERX1149567,contig_42
ERX1149571,contig_37
ERX1149973,contig_27
ERX1149974,contig_23
ERX1149976,contig_25
ERX1149978,contig_23
ERX1149981,contig_31
ERX1149982,contig_29
ERX1149984,contig_28
ERX1149986,contig_26
ERX1149989,contig_27
ERX1149990,contig_25
ERX1149993,contig_27
ERX1149994,contig_17
ERX1149995,contig_33
ERX1149998,contig_26
ERX1150000,contig_21
ERX1150002,contig_25
ERX1150004,contig_23
ERX1150005,contig_24
ERX1150009,contig_24
ERX1150010,contig_29
ERX1150013,contig_17
ERX1150014,contig_28
ERX1150018,contig_29
ERX1150023,contig_26
ERX1150024,contig_22
ERX1150026,contig_21
ERX1150027,contig_22
ERX1150028,contig_22
ERX1150029,contig_25
ERX1150030,contig_26
ERX1150033,contig_23
ERX1150036,contig_27
ERX1150040,contig_20
ERX1150041,contig_28
ERX1150044,contig_25
ERX1150046,contig_25
ERX1150048,contig_25
ERX1150049,contig_23
ERX1150050,contig_25
ERX1150051,contig_25
ERX1150052,contig_27
ERX1150053,contig_21
ERX1150055,contig_24
ERX1150056,contig_26
ERX1150060,contig_25
ERX1150061,contig_25
ERX1150062,contig_27
ERX1150064,contig_20
ERX1150066,contig_26
ERX1150068,contig_28
ERX1150069,contig_24
ERX1150072,contig_32
ERX1150073,contig_34
ERX1150074,contig_24
ERX1150075,contig_23
ERX1150078,contig_29
ERX1150082,contig_29
ERX1150085,contig_35
ERX1150086,contig_27
ERX1150088,contig_23
ERX1150089,contig_24
ERX1150090,contig_24
ERX1150091,contig_25
ERX1150092,contig_18
ERX1150093,contig_21
ERX1150094,contig_26
ERX1150097,contig_24
ERX1150098,contig_20
ERX1150100,contig_24
ERX1150104,contig_26
ERX1150105,contig_36
ERX1150112,contig_37
ERX1150113,contig_25
ERX1150114,contig_22
ERX1150115,contig_23
ERX1150118,contig_30
ERX1150119,contig_21
ERX1150121,contig_21
ERX1150122,contig_23
ERX1150125,contig_25
ERX1150126,contig_23
ERX1150127,contig_18
ERX1150129,contig_24
ERX1150130,contig_29
ERX1150132,contig_23
ERX1150133,contig_25
ERX1150134,contig_27
ERX1150138,contig_29
ERX1150139,contig_23
ERX1150141,contig_24
ERX1150142,contig_20
ERX1150143,contig_21
ERX1150146,contig_23
ERX1150147,contig_27
ERX1150149,contig_26
ERX1150150,contig_21
ERX1150151,contig_20
ERX1150153,contig_31
ERX1150156,contig_22
ERX1150157,contig_22
ERX1150159,contig_24
ERX1150177,contig_23
ERX1150181,contig_27
ERX1150182,contig_23
ERX1150183,contig_24
ERX1150187,contig_24
ERX1150188,contig_24
ERX1150189,contig_25
ERX1150190,contig_23
ERX1150192,contig_39
ERX1150193,contig_24
ERX1150194,contig_30
ERX1150195,contig_26
ERX1150196,contig_24
ERX1150198,contig_24
ERX1150200,contig_25
ERX1150203,contig_31
ERX1150205,contig_33
ERX1150207,contig_25
ERX1150210,contig_25
ERX1150212,contig_28
ERX1150216,contig_25
ERX1150219,contig_27
ERX1150256,contig_28
ERX1150293,contig_24
ERX1150294,contig_25
ERX1162557,contig_190
ERX1162566,contig_27
ERX1162576,contig_30
ERX1162578,contig_28
ERX1162579,contig_40
ERX1162590,contig_30
ERX1162594,contig_30
ERX1162597,contig_30
ERX116909,contig_31
ERX116921,contig_30
ERX116937,contig_36
ERX116954,contig_31
ERX116955,contig_27
ERX116966,contig_32
ERX116967,contig_31
ERX1180279,contig_29
ERX1180280,contig_27
ERX118617,contig_32
ERX118620,contig_58
ERX118623,contig_34
ERX118626,contig_31
ERX1201134,contig_91
ERX1201135,contig_101
ERX120677,contig_21
ERX120772,contig_37
ERX1222236,contig_16
ERX1222245,contig_113
ERX1222254,contig_30
ERX1222257,contig_41
ERX1222263,contig_59
ERX1222266,contig_107
ERX1222276,contig_63
ERX1222277,contig_29
ERX1222278,contig_40
ERX1222279,contig_19
ERX1222282,contig_80
ERX1222285,contig_30
ERX1222287,contig_48
ERX1222290,contig_19
ERX1222293,contig_142
ERX1222294,contig_56
ERX1222309,contig_62
ERX1222311,contig_55
ERX1222313,contig_64
ERX1222330,contig_45
ERX1229309,contig_30
ERX1229311,contig_29
ERX1229312,contig_23
ERX1229314,contig_27
ERX1229315,contig_25
ERX1229316,contig_25
ERX1229339,contig_25
ERX1268894,contig_62
ERX1268897,contig_109
ERX1268900,contig_51
ERX1268906,contig_54
ERX1268919,contig_36
ERX1268922,contig_19
ERX1268938,contig_37
ERX1268945,contig_44
ERX1268946,contig_34
ERX1268949,contig_30
ERX1269013,contig_30
ERX1269015,contig_49
ERX1269025,contig_17
ERX1269026,contig_19
ERX1269028,contig_36
ERX1269035,contig_56
ERX1269060,contig_38
ERX1269069,contig_64
ERX1269070,contig_58
ERX1269072,contig_51
ERX1269073,contig_80
ERX1269078,contig_39
ERX1269082,contig_51
ERX1269094,contig_33
ERX1269097,contig_45
ERX1269100,contig_28
ERX1269103,contig_16
ERX1269104,contig_49
ERX1269112,contig_56
ERX1269116,contig_26
ERX1269117,contig_32
ERX1269118,contig_21
ERX1269119,contig_70
ERX1269124,contig_20
ERX1269130,contig_26
ERX1269134,contig_71
ERX1269138,contig_95
ERX1269147,contig_83
ERX1269151,contig_90
ERX1269154,contig_62
ERX1269155,contig_82
ERX1269165,contig_40
ERX1269177,contig_31
ERX1269180,contig_52
ERX1269181,contig_19
ERX1269191,contig_39
ERX1269202,contig_18
ERX1269204,contig_40
ERX1269205,contig_33
ERX1269206,contig_25
ERX1269213,contig_44
ERX1269215,contig_38
ERX1269217,contig_43
ERX1269228,contig_32
ERX1269235,contig_72
ERX1269241,contig_53
ERX1269245,contig_110
ERX1269253,contig_18
ERX1269254,contig_17
ERX1269256,contig_15
ERX1269260,contig_20
ERX1269261,contig_24
ERX1269264,contig_20
ERX1269268,contig_40
ERX1269275,contig_63
ERX1269278,contig_37
ERX1269468,contig_20
ERX1269476,contig_21
ERX1269478,contig_50
ERX1269479,contig_122
ERX1269480,contig_109
ERX1269486,contig_155
ERX1269487,contig_64
ERX1269488,contig_95
ERX1269490,contig_30
ERX1269491,contig_75
ERX1269492,contig_79
ERX1269497,contig_49
ERX1269500,contig_39
ERX1269501,contig_44
ERX1269503,contig_33
ERX1269505,contig_105
ERX1269507,contig_22
ERX1269508,contig_81
ERX1269515,contig_72
ERX1269516,contig_25
ERX1269517,contig_66
ERX1269518,contig_54
ERX1269521,contig_116
ERX1269526,contig_50
ERX1269724,contig_67
ERX1269737,contig_27
ERX1269739,contig_33
ERX1269740,contig_34
ERX1269742,contig_43
ERX1269744,contig_29
ERX1269749,contig_36
ERX1269753,contig_27
ERX1269754,contig_40
ERX1269756,contig_26
ERX1269758,contig_27
ERX1269760,contig_28
ERX1269761,contig_30
ERX1269762,contig_41
ERX1269763,contig_21
ERX1269771,contig_92
ERX1284824,contig_24
ERX1284827,contig_42
ERX1285979,contig_34
ERX1285980,contig_57
ERX1285983,contig_30
ERX1285998,contig_53
ERX1285999,contig_37
ERX1286001,contig_26
ERX1286007,contig_22
ERX1286009,contig_31
ERX1286010,contig_33
ERX1286013,contig_101
ERX1286014,contig_21
ERX1286015,contig_52
ERX1286027,contig_36
ERX1286033,contig_37
ERX1289097,contig_43
ERX1289104,contig_43
ERX1289105,contig_45
ERX1289106,contig_44
ERX1289107,contig_44
ERX1289108,contig_43
ERX1289115,contig_43
ERX1289116,contig_44
ERX1289117,contig_45
ERX1289119,contig_44
ERX1289120,contig_45
ERX1289121,contig_41
ERX1299371,contig_12
ERX1299373,contig_158
ERX1299374,contig_205
ERX1299376,contig_178
ERX1299377,contig_53
ERX1299385,contig_163
ERX1299390,contig_202
ERX1299391,contig_131
ERX1299393,contig_164
ERX1299394,contig_170
ERX1299395,contig_171
ERX1299399,contig_167
ERX1299400,contig_213
ERX1299402,contig_207
ERX1299403,contig_62
ERX1299404,contig_140
ERX1299405,contig_164
ERX1299406,contig_131
ERX1299408,contig_140
ERX1299409,contig_205
ERX1299413,contig_221
ERX1299414,contig_46
ERX1299419,contig_202
ERX1299420,contig_217
ERX1299424,contig_58
ERX1299425,contig_55
ERX1299428,contig_46
ERX1299429,contig_51
ERX1299431,contig_49
ERX1299434,contig_49
ERX1299438,contig_55
ERX1299439,contig_60
ERX1299442,contig_54
ERX1299444,contig_55
ERX1299445,contig_48
ERX1299448,contig_51
ERX1299451,contig_47
ERX1299453,contig_51
ERX1299454,contig_193
ERX1299458,contig_82
ERX1299463,contig_124
ERX1299468,contig_25
ERX1299470,contig_138
ERX1299471,contig_126
ERX1299472,contig_125
ERX1299473,contig_125
ERX1299474,contig_173
ERX1299475,contig_113
ERX1299476,contig_175
ERX1299477,contig_131
ERX1314967,contig_20
ERX1314969,contig_21
ERX1314970,contig_21
ERX1314975,contig_21
ERX132283,contig_30
ERX1346214,contig_40
ERX136641,contig_35
ERX136642,contig_36
ERX136643,contig_33
ERX136644,contig_28
ERX136646,contig_34
ERX136651,contig_34
ERX136652,contig_32
ERX136653,contig_33
ERX136654,contig_34
ERX136658,contig_40
ERX136659,contig_40
ERX136660,contig_34
ERX136662,contig_32
ERX136670,contig_32
ERX136671,contig_24
ERX136672,contig_36
ERX136673,contig_27
ERX136676,contig_35
ERX136679,contig_36
ERX136680,contig_29
ERX136681,contig_34
ERX136682,contig_32
ERX136683,contig_32
ERX136684,contig_34
ERX136685,contig_35
ERX136686,contig_33
ERX136687,contig_30
ERX136688,contig_28
ERX136689,contig_40
ERX136692,contig_29
ERX136693,contig_32
ERX136696,contig_29
ERX136697,contig_32
ERX136699,contig_32
ERX136700,contig_31
ERX136701,contig_33
ERX136708,contig_32
ERX136709,contig_37
ERX136711,contig_29
ERX136716,contig_33
ERX136717,contig_32
ERX136718,contig_42
ERX136720,contig_37
ERX136722,contig_28
ERX136723,contig_30
ERX138317,contig_29
ERX138318,contig_31
ERX138319,contig_32
ERX138320,contig_28
ERX138321,contig_33
ERX138322,contig_31
ERX138323,contig_47
ERX138326,contig_39
ERX138329,contig_36
ERX138334,contig_28
ERX138340,contig_40
ERX138341,contig_29
ERX138342,contig_40
ERX138343,contig_33
ERX138344,contig_32
ERX138345,contig_41
ERX138346,contig_56
ERX138348,contig_37
ERX138349,contig_34
ERX138352,contig_31
ERX138353,contig_42
ERX138354,contig_35
ERX138357,contig_38
ERX138365,contig_32
ERX138366,contig_27
ERX138368,contig_27
ERX138372,contig_36
ERX139357,contig_28
ERX139361,contig_35
ERX139362,contig_26
ERX139374,contig_32
ERX139424,contig_31
ERX139494,contig_32
ERX139506,contig_32
ERX139509,contig_33
ERX1405545,contig_22
ERX1405546,contig_19
ERX1405547,contig_22
ERX1405548,contig_22
ERX1405549,contig_18
ERX1405550,contig_21
ERX140725,contig_42
ERX140726,contig_38
ERX140727,contig_42
ERX140728,contig_29
ERX140729,contig_35
ERX140732,contig_36
ERX140733,contig_40
ERX140734,contig_40
ERX140735,contig_45
ERX140736,contig_34
ERX140737,contig_37
ERX140739,contig_38
ERX140742,contig_44
ERX140744,contig_42
ERX140746,contig_38
ERX140747,contig_35
ERX140748,contig_35
ERX140749,contig_28
ERX140751,contig_30
ERX140752,contig_42
ERX140753,contig_42
ERX140754,contig_37
ERX140755,contig_33
ERX140756,contig_32
ERX140757,contig_50
ERX140758,contig_40
ERX140759,contig_33
ERX140760,contig_30
ERX140761,contig_40
ERX140762,contig_42
ERX140763,contig_38
ERX140764,contig_49
ERX140765,contig_37
ERX140766,contig_37
ERX140767,contig_48
ERX140768,contig_25
ERX140770,contig_44
ERX140771,contig_33
ERX140772,contig_32
ERX140775,contig_52
ERX140776,contig_43
ERX140777,contig_39
ERX140782,contig_36
ERX140783,contig_31
ERX140784,contig_43
ERX140785,contig_53
ERX140786,contig_44
ERX140787,contig_36
ERX140790,contig_42
ERX140792,contig_28
ERX140793,contig_38
ERX140794,contig_35
ERX140795,contig_43
ERX140796,contig_52
ERX140797,contig_47
ERX140798,contig_32
ERX140799,contig_44
ERX140800,contig_40
ERX140803,contig_42
ERX140804,contig_29
ERX140806,contig_32
ERX140807,contig_37
ERX147764,contig_34
ERX147765,contig_200
ERX147768,contig_39
ERX147769,contig_46
ERX147770,contig_44
ERX147771,contig_45
ERX147773,contig_44
ERX147774,contig_39
ERX147775,contig_55
ERX147777,contig_54
ERX147779,contig_36
ERX147783,contig_47
ERX147784,contig_39
ERX147785,contig_40
ERX147786,contig_50
ERX147787,contig_47
ERX147788,contig_42
ERX147789,contig_37
ERX147790,contig_40
ERX147792,contig_41
ERX147793,contig_43
ERX147794,contig_49
ERX147795,contig_40
ERX147797,contig_50
ERX147800,contig_47
ERX147801,contig_40
ERX147802,contig_45
ERX147803,contig_45
ERX147804,contig_46
ERX147805,contig_48
ERX147806,contig_46
ERX147807,contig_50
ERX147808,contig_51
ERX147809,contig_50
ERX147810,contig_45
ERX147811,contig_46
ERX147812,contig_40
ERX147813,contig_41
ERX147814,contig_47
ERX147815,contig_54
ERX147818,contig_41
ERX147819,contig_35
ERX147820,contig_33
ERX147821,contig_35
ERX147822,contig_37
ERX147824,contig_49
ERX147825,contig_49
ERX147826,contig_40
ERX147827,contig_40
ERX147828,contig_45
ERX147829,contig_47
ERX147833,contig_43
ERX147834,contig_42
ERX147836,contig_52
ERX147837,contig_59
ERX1499382,contig_22
ERX1499383,contig_35
ERX1499384,contig_22
ERX1500996,contig_21
ERX1500998,contig_23
ERX1500999,contig_20
ERX1501000,contig_21
ERX1501001,contig_19
ERX1501002,contig_21
ERX1501003,contig_20
ERX1501004,contig_22
ERX1501005,contig_20
ERX1501006,contig_21
ERX1501007,contig_20
ERX1501009,contig_21
ERX1501010,contig_20
ERX1501011,contig_20
ERX1501012,contig_22
ERX1501013,contig_21
ERX1501014,contig_19
ERX1501015,contig_22
ERX1501016,contig_20
ERX1501052,contig_20
ERX1501053,contig_21
ERX1507994,contig_34
ERX1507995,contig_86
ERX1507996,contig_45
ERX1507997,contig_27
ERX1507999,contig_53
ERX1508003,contig_44
ERX1508006,contig_62
ERX1508007,contig_83
ERX1508014,contig_35
ERX151999,contig_42
ERX1520503,contig_38
ERX152082,contig_46
ERX152083,contig_46
ERX152084,contig_43
ERX152085,contig_46
ERX152086,contig_42
ERX152087,contig_45
ERX152088,contig_48
ERX152089,contig_45
ERX1521096,contig_32
ERX1521097,contig_29
ERX1521098,contig_26
ERX153311,contig_47
ERX154885,contig_21
ERX154967,contig_20
ERX154968,contig_20
ERX1583699,contig_233
ERX1583700,contig_21
ERX1583716,contig_32
ERX1583722,contig_53
ERX1583731,contig_45
ERX1583751,contig_33
ERX1583762,contig_51
ERX1583780,contig_157
ERX1583781,contig_43
ERX158649,contig_34
ERX158650,contig_25
ERX158656,contig_21
ERX1606178,contig_34
ERX1606182,contig_28
ERX1606186,contig_57
ERX1606188,contig_55
ERX1606194,contig_58
ERX1606202,contig_55
ERX1606209,contig_83
ERX1606217,contig_33
ERX1606218,contig_23
ERX1606219,contig_25
ERX1606224,contig_39
ERX1606227,contig_67
ERX1606240,contig_23
ERX1606248,contig_105
ERX1606250,contig_48
ERX1606251,contig_48
ERX1606252,contig_111
ERX1606253,contig_33
ERX1606262,contig_75
ERX1606265,contig_89
ERX1606267,contig_75
ERX1606268,contig_46
ERX1611760,contig_45
ERX1611761,contig_39
ERX1611762,contig_46
ERX1611766,contig_39
ERX1611767,contig_40
ERX1611768,contig_40
ERX1611769,contig_47
ERX1611770,contig_45
ERX1611777,contig_32
ERX1611778,contig_32
ERX1611791,contig_47
ERX1611792,contig_48
ERX1611793,contig_43
ERX1611799,contig_50
ERX1611800,contig_46
ERX1611801,contig_42
ERX1611804,contig_43
ERX1611805,contig_46
ERX1611806,contig_45
ERX1611807,contig_46
ERX1611810,contig_32
ERX1611811,contig_36
ERX1611813,contig_43
ERX1611815,contig_40
ERX1611816,contig_46
ERX1611818,contig_41
ERX1611820,contig_46
ERX1611821,contig_39
ERX1611822,contig_40
ERX1611823,contig_45
ERX1611825,contig_42
ERX1611831,contig_45
ERX1611833,contig_46
ERX1611834,contig_48
ERX1611836,contig_47
ERX1611838,contig_41
ERX1611839,contig_47
ERX1611840,contig_42
ERX1611841,contig_42
ERX1611842,contig_40
ERX1611843,contig_41
ERX1611844,contig_40
ERX1611845,contig_47
ERX1611852,contig_33
ERX1611857,contig_43
ERX1611859,contig_47
ERX1611860,contig_47
ERX1611863,contig_40
ERX1611864,contig_41
ERX1611865,contig_47
ERX1611867,contig_40
ERX1611868,contig_49
ERX1611869,contig_50
ERX1611870,contig_39
ERX1611871,contig_45
ERX1611872,contig_46
ERX1611873,contig_48
ERX1611874,contig_47
ERX1611880,contig_43
ERX1611882,contig_44
ERX1611884,contig_54
ERX1611885,contig_49
ERX1611886,contig_48
ERX1611887,contig_42
ERX1611891,contig_41
ERX1611892,contig_42
ERX1611893,contig_40
ERX1611894,contig_45
ERX1611900,contig_44
ERX1611901,contig_33
ERX1611902,contig_34
ERX1611904,contig_49
ERX1611906,contig_46
ERX1611918,contig_44
ERX1611920,contig_42
ERX1611921,contig_38
ERX1611929,contig_43
ERX1611930,contig_43
ERX1611931,contig_51
ERX1611932,contig_51
ERX1611934,contig_47
ERX1611936,contig_39
ERX1611937,contig_47
ERX1611943,contig_45
ERX1611944,contig_53
ERX1611948,contig_44
ERX1611951,contig_48
ERX1611958,contig_49
ERX1611959,contig_48
ERX1611961,contig_41
ERX1611962,contig_44
ERX1611963,contig_49
ERX1611964,contig_44
ERX1611965,contig_46
ERX1611966,contig_45
ERX1611967,contig_44
ERX1611968,contig_41
ERX1611970,contig_42
ERX1611976,contig_43
ERX1611978,contig_44
ERX1611989,contig_42
ERX1611990,contig_44
ERX1611992,contig_39
ERX1611993,contig_44
ERX1611997,contig_46
ERX1612001,contig_47
ERX1612002,contig_48
ERX1612003,contig_49
ERX1612004,contig_47
ERX1612006,contig_49
ERX1612008,contig_41
ERX1612009,contig_47
ERX1612020,contig_44
ERX1612022,contig_39
ERX1626014,contig_44
ERX1626015,contig_35
ERX1626018,contig_39
ERX1626027,contig_40
ERX1626029,contig_41
ERX1626030,contig_30
ERX1626031,contig_42
ERX1626037,contig_40
ERX1626040,contig_39
ERX1626044,contig_47
ERX1626045,contig_44
ERX1626046,contig_42
ERX1626047,contig_39
ERX1626048,contig_41
ERX1626049,contig_45
ERX1626050,contig_38
ERX1626053,contig_44
ERX1626054,contig_44
ERX1626055,contig_44
ERX1626056,contig_42
ERX1626057,contig_45
ERX1626058,contig_42
ERX1626059,contig_38
ERX1626060,contig_45
ERX1626061,contig_42
ERX1626062,contig_42
ERX1626063,contig_36
ERX1626064,contig_39
ERX1626065,contig_49
ERX1626067,contig_43
ERX1626068,contig_43
ERX1626069,contig_42
ERX1626070,contig_47
ERX1626074,contig_51
ERX1626075,contig_37
ERX1626076,contig_39
ERX1626077,contig_34
ERX1626078,contig_48
ERX1626081,contig_43
ERX1626082,contig_37
ERX1626087,contig_47
ERX1626088,contig_45
ERX1626089,contig_45
ERX1626092,contig_43
ERX1626096,contig_31
ERX1626102,contig_46
ERX1626103,contig_43
ERX1626104,contig_43
ERX1626105,contig_45
ERX1626107,contig_41
ERX1626108,contig_40
ERX1626109,contig_40
ERX1626110,contig_41
ERX1626111,contig_47
ERX1626115,contig_43
ERX1626116,contig_39
ERX1626117,contig_47
ERX1626118,contig_44
ERX1626119,contig_36
ERX1626120,contig_39
ERX1626122,contig_42
ERX1626125,contig_41
ERX1626127,contig_42
ERX1626128,contig_41
ERX1626131,contig_35
ERX1626133,contig_39
ERX1626144,contig_42
ERX1626147,contig_47
ERX1626148,contig_43
ERX1626152,contig_44
ERX1626153,contig_43
ERX1626154,contig_41
ERX1626156,contig_47
ERX1626157,contig_44
ERX1626158,contig_41
ERX1626161,contig_44
ERX1626162,contig_57
ERX1626163,contig_48
ERX1626164,contig_49
ERX1626165,contig_42
ERX1626170,contig_45
ERX1626178,contig_41
ERX1626179,contig_42
ERX1626180,contig_50
ERX1626184,contig_49
ERX1626191,contig_48
ERX1626199,contig_46
ERX1626200,contig_48
ERX1626201,contig_50
ERX1626203,contig_48
ERX1626212,contig_42
ERX1626215,contig_48
ERX1626216,contig_49
ERX1626220,contig_44
ERX1626225,contig_43
ERX1626226,contig_42
ERX1626230,contig_43
ERX1626236,contig_33
ERX1626238,contig_42
ERX1626239,contig_42
ERX1626244,contig_44
ERX1626245,contig_44
ERX1626249,contig_46
ERX1626257,contig_47
ERX1626258,contig_38
ERX1626259,contig_45
ERX1626266,contig_40
ERX1626267,contig_39
ERX1626268,contig_44
ERX1626269,contig_48
ERX1626271,contig_42
ERX1626277,contig_46
ERX1626280,contig_41
ERX1626282,contig_48
ERX1626290,contig_45
ERX1626299,contig_42
ERX1626306,contig_41
ERX1626311,contig_45
ERX1626316,contig_46
ERX1626317,contig_42
ERX1626318,contig_42
ERX1626319,contig_38
ERX1626322,contig_40
ERX1626323,contig_39
ERX1626326,contig_46
ERX1626327,contig_40
ERX1626328,contig_42
ERX1626329,contig_38
ERX1626330,contig_44
ERX1626331,contig_45
ERX1626332,contig_37
ERX1628261,contig_30
ERX1628269,contig_42
ERX1628293,contig_11
ERX164824,contig_31
ERX164825,contig_36
ERX164829,contig_37
ERX164830,contig_36
ERX164831,contig_34
ERX164832,contig_50
ERX164833,contig_33
ERX164835,contig_35
ERX164836,contig_33
ERX164837,contig_34
ERX164838,contig_38
ERX164840,contig_34
ERX164841,contig_34
ERX164843,contig_33
ERX164845,contig_55
ERX164846,contig_40
ERX164847,contig_51
ERX164848,contig_49
ERX164849,contig_51
ERX164850,contig_36
ERX164851,contig_36
ERX164852,contig_36
ERX164853,contig_47
ERX164854,contig_35
ERX164855,contig_40
ERX164856,contig_40
ERX164857,contig_51
ERX164858,contig_38
ERX164860,contig_54
ERX164861,contig_38
ERX164862,contig_51
ERX164865,contig_36
ERX164867,contig_34
ERX164870,contig_39
ERX164871,contig_38
ERX164874,contig_36
ERX164875,contig_50
ERX164876,contig_32
ERX164877,contig_51
ERX164878,contig_37
ERX164879,contig_52
ERX164880,contig_37
ERX164883,contig_42
ERX164884,contig_51
ERX164886,contig_34
ERX164887,contig_34
ERX164888,contig_35
ERX164889,contig_53
ERX164890,contig_53
ERX164891,contig_57
ERX164892,contig_42
ERX164894,contig_51
ERX164896,contig_53
ERX164897,contig_51
ERX164898,contig_39
ERX164899,contig_42
ERX164902,contig_35
ERX164903,contig_31
ERX164904,contig_51
ERX164906,contig_40
ERX164907,contig_35
ERX164912,contig_55
ERX164913,contig_41
ERX164914,contig_51
ERX164915,contig_50
ERX164916,contig_51
ERX164917,contig_39
ERX164919,contig_52
ERX1657231,contig_19
ERX1657250,contig_35
ERX1657272,contig_27
ERX1657273,contig_32
ERX1657280,contig_26
ERX1657284,contig_31
ERX1657295,contig_41
ERX1657298,contig_31
ERX1657306,contig_28
ERX1657323,contig_26
ERX1657356,contig_32
ERX1659312,contig_50
ERX1659314,contig_15
ERX1659315,contig_48
ERX1666246,contig_26
ERX1666253,contig_27
ERX1666298,contig_42
ERX1666327,contig_24
ERX1666347,contig_55
ERX1666391,contig_26
ERX1666414,contig_17
ERX1666433,contig_24
ERX1666435,contig_21
ERX1666500,contig_24
ERX1666501,contig_26
ERX1666581,contig_39
ERX1666595,contig_32
ERX1666630,contig_20
ERX1666655,contig_22
ERX1667235,contig_41
ERX1667236,contig_45
ERX1667237,contig_53
ERX1667239,contig_57
ERX1667248,contig_59
ERX1667249,contig_52
ERX1667255,contig_30
ERX1667256,contig_21
ERX1667257,contig_29
ERX1667259,contig_24
ERX1667260,contig_19
ERX1667304,contig_25
ERX1667305,contig_29
ERX1667336,contig_26
ERX1667337,contig_23
ERX1667338,contig_23
ERX1667339,contig_41
ERX1667340,contig_22
ERX1667345,contig_24
ERX1667346,contig_22
ERX1667347,contig_32
ERX1667348,contig_26
ERX1667381,contig_26
ERX1667382,contig_21
ERX1667399,contig_37
ERX1667400,contig_41
ERX1667401,contig_29
ERX1667402,contig_14
ERX1667403,contig_18
ERX1667404,contig_13
ERX1668603,contig_24
ERX1668604,contig_78
ERX1711299,contig_29
ERX1711300,contig_24
ERX1711301,contig_24
ERX1711304,contig_18
ERX1711307,contig_26
ERX1711309,contig_30
ERX1711323,contig_4
ERX1711345,contig_34
ERX1711371,contig_18
ERX1711373,contig_44
ERX1751624,contig_156
ERX1751625,contig_174
ERX1751627,contig_146
ERX1751630,contig_32
ERX1751631,contig_191
ERX1751633,contig_174
ERX1751650,contig_139
ERX1751651,contig_110
ERX1751652,contig_106
ERX1751654,contig_116
ERX1751655,contig_142
ERX1751656,contig_56
ERX1751657,contig_92
ERX1782572,contig_32
ERX1785589,contig_38
ERX1785612,contig_39
ERX1785618,contig_36
ERX1785622,contig_30
ERX1785633,contig_23
ERX1785643,contig_29
ERX1785658,contig_24
ERX1785671,contig_24
ERX1785675,contig_24
ERX1785678,contig_35
ERX1785681,contig_26
ERX1785712,contig_37
ERX1785715,contig_33
ERX1785725,contig_18
ERX1785726,contig_21
ERX1785730,contig_19
ERX178832,contig_33
ERX178837,contig_36
ERX178890,contig_56
ERX1793767,contig_32
ERX1793784,contig_35
ERX1793844,contig_30
ERX1793898,contig_33
ERX1793899,contig_36
ERX1793902,contig_34
ERX1793904,contig_35
ERX1793907,contig_33
ERX1793908,contig_34
ERX1793911,contig_35
ERX1793912,contig_33
ERX1793914,contig_33
ERX1793919,contig_34
ERX1793926,contig_22
ERX1793931,contig_21
ERX1793941,contig_20
ERX1793947,contig_25
ERX1820776,contig_143
ERX1830460,contig_24
ERX1830480,contig_42
ERX1830484,contig_17
ERX1830490,contig_15
ERX1830497,contig_31
ERX1830501,contig_14
ERX1830503,contig_22
ERX1830511,contig_23
ERX1830512,contig_13
ERX1830513,contig_22
ERX1830515,contig_22
ERX1830516,contig_18
ERX1830517,contig_23
ERX1830519,contig_22
ERX1830529,contig_15
ERX1830555,contig_17
ERX1830557,contig_19
ERX1830559,contig_18
ERX1830569,contig_15
ERX1830575,contig_15
ERX1830596,contig_20
ERX1830599,contig_17
ERX1830601,contig_21
ERX1830613,contig_22
ERX1830617,contig_20
ERX1830618,contig_22
ERX1830619,contig_18
ERX1834202,contig_76
ERX1834205,contig_42
ERX1834208,contig_56
ERX1834594,contig_39
ERX1834595,contig_38
ERX1834596,contig_54
ERX1834597,contig_38
ERX1834598,contig_44
ERX1834599,contig_40
ERX1834600,contig_13
ERX1834601,contig_38
ERX1834603,contig_48
ERX1834605,contig_45
ERX1834607,contig_38
ERX1834608,contig_56
ERX1834609,contig_38
ERX1834610,contig_52
ERX1834612,contig_41
ERX1834614,contig_34
ERX1834615,contig_37
ERX1834617,contig_39
ERX1834618,contig_40
ERX1834620,contig_40
ERX1834622,contig_39
ERX1834623,contig_36
ERX1834624,contig_37
ERX1834625,contig_39
ERX1834626,contig_49
ERX1834627,contig_45
ERX1834630,contig_42
ERX1834634,contig_54
ERX1834635,contig_43
ERX1834636,contig_38
ERX1834637,contig_38
ERX1834638,contig_36
ERX1834639,contig_38
ERX1834640,contig_44
ERX1834641,contig_40
ERX1834644,contig_34
ERX1834645,contig_38
ERX1834646,contig_34
ERX1834647,contig_34
ERX1834648,contig_34
ERX1834649,contig_34
ERX1834650,contig_29
ERX1834651,contig_40
ERX1834652,contig_35
ERX1834653,contig_37
ERX1834654,contig_38
ERX1834657,contig_33
ERX1834658,contig_32
ERX1834659,contig_32
ERX1834660,contig_33
ERX1834662,contig_32
ERX1834663,contig_34
ERX1834664,contig_35
ERX1834665,contig_38
ERX1834666,contig_33
ERX1834667,contig_31
ERX1834668,contig_38
ERX1834669,contig_39
ERX1834670,contig_37
ERX1834673,contig_44
ERX1834674,contig_39
ERX1834675,contig_41
ERX1834676,contig_49
ERX1834679,contig_36
ERX1834681,contig_31
ERX1834683,contig_31
ERX1834684,contig_35
ERX1834685,contig_34
ERX1834686,contig_38
ERX1834687,contig_32
ERX1834688,contig_38
ERX1834689,contig_34
ERX1834690,contig_36
ERX1834691,contig_38
ERX1834692,contig_37
ERX1834696,contig_37
ERX1834700,contig_43
ERX1834704,contig_39
ERX1834705,contig_41
ERX1834708,contig_39
ERX1834710,contig_41
ERX1834711,contig_41
ERX1852655,contig_32
ERX1852740,contig_26
ERX1852756,contig_23
ERX1852773,contig_35
ERX1852796,contig_33
ERX1852849,contig_34
ERX1852936,contig_20
ERX1852939,contig_33
ERX1853066,contig_17
ERX1853111,contig_21
ERX1858628,contig_49
ERX1858631,contig_27
ERX1858632,contig_69
ERX1859249,contig_42
ERX1859275,contig_35
ERX1859282,contig_27
ERX1859658,contig_45
ERX186271,contig_25
ERX186272,contig_23
ERX186360,contig_25
ERX1864062,contig_47
ERX186597,contig_26
ERX186619,contig_24
ERX186624,contig_46
ERX186650,contig_43
ERX186847,contig_36
ERX186848,contig_31
ERX186849,contig_31
ERX186850,contig_35
ERX186851,contig_31
ERX186852,contig_32
ERX186853,contig_32
ERX186854,contig_36
ERX186855,contig_33
ERX186856,contig_32
ERX186857,contig_29
ERX186858,contig_47
ERX186859,contig_33
ERX186860,contig_32
ERX186861,contig_29
ERX186862,contig_34
ERX186863,contig_31
ERX186864,contig_33
ERX186867,contig_37
ERX186868,contig_35
ERX186873,contig_38
ERX186876,contig_167
ERX186877,contig_36
ERX186878,contig_38
ERX186880,contig_40
ERX186881,contig_42
ERX186882,contig_44
ERX186883,contig_42
ERX186884,contig_39
ERX186885,contig_35
ERX186886,contig_36
ERX186887,contig_43
ERX186888,contig_41
ERX186889,contig_44
ERX186890,contig_36
ERX186891,contig_204
ERX186892,contig_52
ERX186898,contig_30
ERX186906,contig_33
ERX186907,contig_35
ERX186908,contig_36
ERX186909,contig_31
ERX186910,contig_28
ERX186911,contig_29
ERX186912,contig_37
ERX186913,contig_29
ERX186914,contig_38
ERX186915,contig_31
ERX186916,contig_36
ERX186917,contig_23
ERX186918,contig_30
ERX186919,contig_37
ERX186920,contig_42
ERX186921,contig_34
ERX186922,contig_35
ERX186923,contig_31
ERX186924,contig_31
ERX186925,contig_34
ERX186926,contig_35
ERX186927,contig_33
ERX186929,contig_37
ERX186930,contig_41
ERX186933,contig_37
ERX187416,contig_44
ERX187512,contig_42
ERX187525,contig_28
ERX187527,contig_29
ERX187533,contig_30
ERX187536,contig_25
ERX187564,contig_29
ERX187565,contig_27
ERX187624,contig_39
ERX187662,contig_37
ERX187663,contig_35
ERX187668,contig_27
ERX187675,contig_47
ERX1886028,contig_42
ERX1886029,contig_46
ERX1886030,contig_54
ERX1886031,contig_45
ERX1886032,contig_36
ERX1886033,contig_189
ERX1886034,contig_63
ERX1886035,contig_152
ERX1886036,contig_105
ERX1886037,contig_93
ERX1886038,contig_25
ERX1886039,contig_44
ERX1886040,contig_41
ERX1886041,contig_35
ERX1886042,contig_103
ERX1886043,contig_52
ERX1886044,contig_32
ERX1886045,contig_34
ERX1886046,contig_44
ERX1886049,contig_30
ERX1886051,contig_30
ERX1886053,contig_51
ERX1886054,contig_42
ERX1886065,contig_50
ERX1886066,contig_59
ERX1899584,contig_207
ERX1907000,contig_41
ERX1907001,contig_36
ERX1907002,contig_22
ERX1907003,contig_39
ERX1907004,contig_45
ERX1907005,contig_44
ERX1907007,contig_45
ERX1907008,contig_42
ERX1907009,contig_38
ERX1907011,contig_34
ERX1907012,contig_26
ERX1907013,contig_54
ERX1907014,contig_46
ERX1907015,contig_41
ERX1907017,contig_52
ERX1907018,contig_237
ERX1907019,contig_73
ERX1907020,contig_91
ERX1907021,contig_56
ERX1907022,contig_37
ERX1907024,contig_41
ERX1907025,contig_58
ERX1907026,contig_37
ERX1907028,contig_55
ERX1907033,contig_51
ERX1907035,contig_49
ERX1907037,contig_50
ERX1907038,contig_34
ERX1907039,contig_69
ERX1907040,contig_57
ERX1907043,contig_40
ERX1907044,contig_46
ERX1907045,contig_38
ERX1907046,contig_37
ERX1907048,contig_41
ERX1907049,contig_47
ERX1907051,contig_44
ERX1907052,contig_37
ERX1907053,contig_39
ERX1907056,contig_43
ERX1907057,contig_30
ERX1907058,contig_36
ERX1907059,contig_31
ERX1907060,contig_27
ERX1907061,contig_24
ERX1907062,contig_41
ERX1907063,contig_41
ERX1907064,contig_27
ERX1907065,contig_27
ERX1907066,contig_38
ERX1907067,contig_34
ERX1907068,contig_33
ERX1907069,contig_36
ERX1907071,contig_37
ERX1907072,contig_41
ERX1907073,contig_36
ERX1907075,contig_80
ERX1907077,contig_30
ERX1907078,contig_27
ERX1907079,contig_56
ERX1907081,contig_27
ERX1907083,contig_49
ERX1907084,contig_43
ERX1907085,contig_38
ERX1907087,contig_34
ERX1907088,contig_48
ERX1907089,contig_24
ERX1907090,contig_59
ERX1907092,contig_33
ERX1907093,contig_34
ERX1907094,contig_35
ERX1907095,contig_43
ERX1907096,contig_63
ERX1907097,contig_44
ERX1907098,contig_91
ERX1907099,contig_136
ERX1907100,contig_63
ERX1907101,contig_49
ERX1907103,contig_168
ERX1907105,contig_43
ERX1907106,contig_43
ERX1907107,contig_35
ERX1907108,contig_68
ERX1907109,contig_62
ERX1907110,contig_34
ERX1907111,contig_26
ERX1907112,contig_30
ERX1907114,contig_49
ERX1907115,contig_52
ERX1907116,contig_58
ERX1907118,contig_69
ERX1907119,contig_47
ERX1907120,contig_63
ERX1907123,contig_50
ERX1907125,contig_98
ERX1907126,contig_77
ERX1907127,contig_44
ERX1907128,contig_107
ERX1907129,contig_58
ERX1907130,contig_55
ERX1907131,contig_75
ERX191963,contig_43
ERX192019,contig_39
ERX1933583,contig_34
ERX1933587,contig_74
ERX1933685,contig_42
ERX1952267,contig_33
ERX1952378,contig_33
ERX1952379,contig_34
ERX1952429,contig_25
ERX1971911,contig_104
ERX1971912,contig_32
ERX1971940,contig_26
ERX1972085,contig_16
ERX1972089,contig_21
ERX1972090,contig_32
ERX1972092,contig_30
ERX1972096,contig_28
ERX1972118,contig_27
ERX1972121,contig_25
ERX1972127,contig_26
ERX1972128,contig_24
ERX1972129,contig_25
ERX1972135,contig_27
ERX1972136,contig_92
ERX1972143,contig_55
ERX1972152,contig_464
ERX1972214,contig_18
ERX197775,contig_39
ERX197799,contig_36
ERX197842,contig_41
ERX1997620,contig_66
ERX1997625,contig_69
ERX1998046,contig_66
ERX1998047,contig_56
ERX1998048,contig_57
ERX1998049,contig_58
ERX1998051,contig_57
ERX1998052,contig_62
ERX1998053,contig_59
ERX1998055,contig_59
ERX1998057,contig_57
ERX1998058,contig_67
ERX1998059,contig_56
ERX1998060,contig_62
ERX1998063,contig_61
ERX1998064,contig_60
ERX1998065,contig_58
ERX1998069,contig_53
ERX1998070,contig_58
ERX1998072,contig_71
ERX1998073,contig_66
ERX1998076,contig_55
ERX1998077,contig_57
ERX1998079,contig_67
ERX1998080,contig_52
ERX1998081,contig_58
ERX1998082,contig_54
ERX1998083,contig_58
ERX1998084,contig_57
ERX1998086,contig_66
ERX1998088,contig_58
ERX1998089,contig_63
ERX1998090,contig_62
ERX1998095,contig_64
ERX1998096,contig_58
ERX1998097,contig_61
ERX1998098,contig_59
ERX1998100,contig_60
ERX1998102,contig_68
ERX1998106,contig_58
ERX1998107,contig_62
ERX1998108,contig_61
ERX1998113,contig_55
ERX1998114,contig_61
ERX1998116,contig_60
ERX1998117,contig_63
ERX1998118,contig_58
ERX1998120,contig_61
ERX1998123,contig_59
ERX1998124,contig_55
ERX1998126,contig_58
ERX1998127,contig_62
ERX1998128,contig_57
ERX1998129,contig_59
ERX1998131,contig_61
ERX1998132,contig_61
ERX1998133,contig_60
ERX1998134,contig_59
ERX1998141,contig_57
ERX1998143,contig_67
ERX1998148,contig_56
ERX1998149,contig_56
ERX1998150,contig_61
ERX1998151,contig_56
ERX1998152,contig_55
ERX1998153,contig_54
ERX1998154,contig_56
ERX1998155,contig_65
ERX1998156,contig_54
ERX1998158,contig_60
ERX1998159,contig_57
ERX1998160,contig_56
ERX1998161,contig_57
ERX1998162,contig_54
ERX1998166,contig_62
ERX1998167,contig_62
ERX1998168,contig_62
ERX1998169,contig_55
ERX1998397,contig_53
ERX1998398,contig_57
ERX1998399,contig_54
ERX1998400,contig_55
ERX1998401,contig_57
ERX1998402,contig_55
ERX1998403,contig_56
ERX1998405,contig_61
ERX1998466,contig_62
ERX1998467,contig_66
ERX1998472,contig_63
ERX2003503,contig_119
ERX2003512,contig_100
ERX2003528,contig_70
ERX2003550,contig_58
ERX2003551,contig_57
ERX2003552,contig_62
ERX2003558,contig_58
ERX2003561,contig_64
ERX2003562,contig_63
ERX2003802,contig_170
ERX2003840,contig_104
ERX2003855,contig_102
ERX2003870,contig_85
ERX2003906,contig_71
ERX2003915,contig_160
ERX2004117,contig_54
ERX2004118,contig_66
ERX2004119,contig_65
ERX2004120,contig_56
ERX2004123,contig_63
ERX2004124,contig_61
ERX2004125,contig_69
ERX2004126,contig_67
ERX2004127,contig_64
ERX2004130,contig_64
ERX2004131,contig_67
ERX2004133,contig_58
ERX2004134,contig_80
ERX2004135,contig_64
ERX2004136,contig_66
ERX2004137,contig_63
ERX2004138,contig_61
ERX2004409,contig_117
ERX2004433,contig_58
ERX2004445,contig_61
ERX2005686,contig_65
ERX2005689,contig_62
ERX2005690,contig_48
ERX2005693,contig_79
ERX2005694,contig_73
ERX2006557,contig_70
ERX2006560,contig_69
ERX2006561,contig_131
ERX2006562,contig_58
ERX2006563,contig_61
ERX2006566,contig_59
ERX2006794,contig_68
ERX2006797,contig_60
ERX2006799,contig_74
ERX2006800,contig_78
ERX2006802,contig_72
ERX2006803,contig_72
ERX2006804,contig_71
ERX2006816,contig_80
ERX2006901,contig_64
ERX2006903,contig_64
ERX2006904,contig_62
ERX2006905,contig_68
ERX2006906,contig_61
ERX2006907,contig_62
ERX2006908,contig_58
ERX2006909,contig_63
ERX2006910,contig_66
ERX2006913,contig_56
ERX2006914,contig_56
ERX2006915,contig_54
ERX2006916,contig_61
ERX2006917,contig_64
ERX2006921,contig_67
ERX2006922,contig_63
ERX2006923,contig_54
ERX2006924,contig_62
ERX2006927,contig_52
ERX2006929,contig_51
ERX2006930,contig_44
ERX2006936,contig_63
ERX2006940,contig_61
ERX2006941,contig_68
ERX2006944,contig_58
ERX2006946,contig_65
ERX2008591,contig_79
ERX2008702,contig_82
ERX2008703,contig_79
ERX2008705,contig_78
ERX2008706,contig_81
ERX2008712,contig_82
ERX2008716,contig_80
ERX2008718,contig_81
ERX2008729,contig_67
ERX2008737,contig_91
ERX2008754,contig_100
ERX2008755,contig_107
ERX2008756,contig_91
ERX2008760,contig_82
ERX2011555,contig_23
ERX2011562,contig_19
ERX2011585,contig_21
ERX2011630,contig_17
ERX2011763,contig_26
ERX2011769,contig_155
ERX2011773,contig_34
ERX2011784,contig_26
ERX2011786,contig_24
ERX2011882,contig_25
ERX2011887,contig_23
ERX2011943,contig_44
ERX2011967,contig_94
ERX2012005,contig_21
ERX2012009,contig_24
ERX2012010,contig_16
ERX2012047,contig_20
ERX2012048,contig_21
ERX2012051,contig_17
ERX2012053,contig_34
ERX2012072,contig_31
ERX2012098,contig_21
ERX2012150,contig_90
ERX202139,contig_215
ERX202140,contig_219
ERX202141,contig_214
ERX202142,contig_213
ERX202143,contig_218
ERX202145,contig_217
ERX202146,contig_212
ERX202273,contig_119
ERX2051862,contig_31
ERX2051863,contig_26
ERX2051864,contig_58
ERX2051865,contig_50
ERX2051866,contig_98
ERX2051867,contig_46
ERX2051869,contig_40
ERX2051870,contig_32
ERX2051871,contig_28
ERX2051872,contig_39
ERX2051873,contig_26
ERX2051874,contig_49
ERX2051877,contig_50
ERX2051878,contig_85
ERX2051879,contig_34
ERX2051880,contig_79
ERX2051882,contig_141
ERX2051883,contig_50
ERX2051885,contig_53
ERX2051886,contig_24
ERX2051887,contig_37
ERX2051888,contig_34
ERX2051889,contig_105
ERX2051890,contig_59
ERX2051891,contig_35
ERX2051896,contig_75
ERX2051897,contig_62
ERX2051898,contig_40
ERX2051899,contig_54
ERX2051900,contig_31
ERX2051901,contig_34
ERX2051902,contig_71
ERX2051903,contig_90
ERX2051904,contig_69
ERX2051905,contig_36
ERX2051906,contig_63
ERX2051907,contig_49
ERX2051908,contig_32
ERX2051909,contig_43
ERX2051910,contig_80
ERX2051911,contig_31
ERX2051912,contig_63
ERX2051913,contig_21
ERX2051914,contig_71
ERX2051916,contig_44
ERX2051917,contig_57
ERX2051918,contig_43
ERX2051919,contig_79
ERX2051920,contig_91
ERX2051922,contig_144
ERX2051923,contig_136
ERX2051924,contig_46
ERX2051925,contig_28
ERX2051926,contig_32
ERX2051927,contig_124
ERX2051928,contig_105
ERX2051929,contig_100
ERX2051930,contig_48
ERX2051931,contig_33
ERX2051933,contig_25
ERX2051935,contig_53
ERX2051939,contig_26
ERX2051940,contig_28
ERX2051941,contig_35
ERX2051942,contig_42
ERX2051944,contig_75
ERX2051945,contig_41
ERX2051946,contig_41
ERX2051947,contig_43
ERX2051948,contig_45
ERX2051949,contig_36
ERX2051950,contig_40
ERX2051952,contig_105
ERX2051953,contig_69
ERX2051954,contig_54
ERX2051956,contig_55
ERX2051957,contig_64
ERX2051958,contig_90
ERX2051959,contig_99
ERX2051960,contig_33
ERX2051961,contig_32
ERX2051963,contig_40
ERX2051964,contig_28
ERX2051965,contig_26
ERX2051966,contig_22
ERX2051967,contig_22
ERX2051968,contig_25
ERX2051969,contig_30
ERX2051970,contig_35
ERX2051971,contig_52
ERX2051973,contig_41
ERX2051975,contig_38
ERX2051976,contig_48
ERX2051978,contig_52
ERX2051979,contig_40
ERX2051981,contig_58
ERX2051982,contig_51
ERX2051984,contig_44
ERX2051985,contig_38
ERX2051986,contig_43
ERX2051987,contig_56
ERX2051988,contig_43
ERX2051989,contig_56
ERX2051990,contig_52
ERX2051991,contig_45
ERX2051992,contig_52
ERX2051993,contig_68
ERX2051994,contig_58
ERX2051995,contig_57
ERX2051997,contig_43
ERX2051998,contig_48
ERX2052000,contig_56
ERX2052001,contig_45
ERX2052003,contig_52
ERX2052004,contig_80
ERX2052005,contig_73
ERX2052006,contig_71
ERX2052009,contig_51
ERX2052011,contig_36
ERX2052012,contig_45
ERX2052013,contig_41
ERX2052014,contig_50
ERX2052015,contig_43
ERX2052016,contig_56
ERX2052017,contig_42
ERX2052018,contig_42
ERX2052019,contig_62
ERX2052020,contig_65
ERX2052021,contig_45
ERX2052022,contig_49
ERX2052023,contig_79
ERX2052025,contig_51
ERX2052026,contig_37
ERX2052027,contig_159
ERX2052028,contig_61
ERX2052029,contig_52
ERX2052034,contig_48
ERX2052036,contig_67
ERX2052037,contig_47
ERX2052038,contig_65
ERX2052041,contig_49
ERX2052043,contig_98
ERX2052044,contig_76
ERX2052045,contig_43
ERX2052046,contig_108
ERX2052047,contig_59
ERX2052048,contig_55
ERX2052049,contig_74
ERX2052115,contig_44
ERX2052118,contig_54
ERX2052123,contig_34
ERX2052124,contig_46
ERX2052125,contig_24
ERX2052127,contig_23
ERX2052129,contig_38
ERX2052135,contig_51
ERX2052144,contig_54
ERX2052148,contig_36
ERX2052149,contig_36
ERX2052152,contig_38
ERX2052154,contig_28
ERX2052155,contig_32
ERX2052156,contig_35
ERX2052161,contig_65
ERX2052162,contig_51
ERX2052165,contig_66
ERX2052166,contig_43
ERX2052167,contig_128
ERX2052168,contig_45
ERX2052171,contig_54
ERX2052172,contig_42
ERX2052173,contig_35
ERX2052177,contig_32
ERX2052179,contig_36
ERX2052183,contig_57
ERX2052187,contig_52
ERX2052189,contig_46
ERX2052191,contig_48
ERX2052192,contig_80
ERX2052272,contig_26
ERX2052276,contig_22
ERX2052279,contig_40
ERX2052280,contig_39
ERX207100,contig_34
ERX207106,contig_40
ERX209311,contig_37
ERX209393,contig_34
ERX209402,contig_34
ERX209429,contig_27
ERX209440,contig_29
ERX209441,contig_34
ERX209495,contig_29
ERX209510,contig_33
ERX209523,contig_30
ERX209545,contig_27
ERX212093,contig_32
ERX212099,contig_34
ERX212120,contig_40
ERX212139,contig_14
ERX212140,contig_25
ERX212185,contig_47
ERX212192,contig_32
ERX212205,contig_37
ERX212245,contig_34
ERX2131392,contig_29
ERX2131402,contig_39
ERX2131403,contig_51
ERX2131412,contig_92
ERX2131413,contig_37
ERX2131414,contig_62
ERX2131426,contig_39
ERX2131432,contig_44
ERX2131446,contig_32
ERX2131453,contig_27
ERX2131497,contig_23
ERX2131504,contig_36
ERX2131531,contig_32
ERX2131535,contig_78
ERX2131547,contig_31
ERX2131603,contig_45
ERX2131633,contig_5
ERX2131655,contig_39
ERX2131680,contig_27
ERX2169701,contig_23
ERX2169713,contig_24
ERX2169716,contig_27
ERX2169744,contig_17
ERX2169753,contig_36
ERX2169754,contig_30
ERX2169778,contig_19
ERX2169784,contig_28
ERX2193608,contig_49
ERX2193609,contig_117
ERX2193631,contig_58
ERX2193632,contig_59
ERX2193753,contig_31
ERX2193757,contig_49
ERX2193793,contig_44
ERX2193794,contig_41
ERX2193822,contig_38
ERX2193823,contig_36
ERX2193824,contig_37
ERX2193825,contig_38
ERX2193826,contig_37
ERX2193827,contig_37
ERX2193828,contig_38
ERX2193989,contig_69
ERX2193997,contig_87
ERX2194040,contig_52
ERX2194055,contig_84
ERX2194071,contig_62
ERX2194090,contig_101
ERX2194171,contig_47
ERX2201781,contig_95
ERX2201785,contig_82
ERX2201787,contig_110
ERX2201788,contig_84
ERX2201791,contig_72
ERX2201794,contig_108
ERX2201798,contig_125
ERX221187,contig_36
ERX2285871,contig_150
ERX2285873,contig_127
ERX2285874,contig_12
ERX2285879,contig_62
ERX2285881,contig_82
ERX2285882,contig_97
ERX2285884,contig_95
ERX2285888,contig_95
ERX2285893,contig_73
ERX2285895,contig_103
ERX2285898,contig_112
ERX2285900,contig_5
ERX2285906,contig_13
ERX2285923,contig_184
ERX2285926,contig_9
ERX2285928,contig_67
ERX2285935,contig_53
ERX2285937,contig_113
ERX2285939,contig_52
ERX2285942,contig_39
ERX2285947,contig_57
ERX2285951,contig_51
ERX2285953,contig_23
ERX2285967,contig_77
ERX2285979,contig_79
ERX2285981,contig_108
ERX238641,contig_38
ERX241113,contig_37
ERX241114,contig_29
ERX241121,contig_34
ERX241176,contig_39
ERX241181,contig_40
ERX252359,contig_43
ERX2524931,contig_98
ERX2524939,contig_146
ERX2524944,contig_120
ERX2524965,contig_38
ERX2524967,contig_54
ERX2525579,contig_30
ERX2525581,contig_29
ERX2525593,contig_27
ERX2525596,contig_32
ERX2525597,contig_28
ERX2525598,contig_32
ERX2525600,contig_35
ERX2525602,contig_29
ERX2525604,contig_28
ERX2525616,contig_26
ERX2525618,contig_34
ERX2525620,contig_24
ERX2525621,contig_31
ERX2525622,contig_32
ERX2525623,contig_25
ERX2525628,contig_31
ERX2525629,contig_32
ERX2525632,contig_22
ERX2525633,contig_34
ERX2525635,contig_31
ERX2525639,contig_17
ERX2525641,contig_31
ERX2525643,contig_31
ERX2525644,contig_30
ERX2525660,contig_20
ERX2525662,contig_22
ERX2525663,contig_36
ERX2525669,contig_23
ERX2525670,contig_43
ERX2525677,contig_40
ERX2525678,contig_48
ERX2525682,contig_49
ERX2525691,contig_57
ERX2525699,contig_46
ERX2525701,contig_41
ERX2525702,contig_47
ERX2525708,contig_42
ERX2525710,contig_43
ERX2525721,contig_34
ERX2525723,contig_42
ERX2525731,contig_43
ERX2525732,contig_43
ERX2525737,contig_39
ERX2525739,contig_44
ERX2525741,contig_44
ERX2525757,contig_44
ERX2525804,contig_21
ERX2525808,contig_25
ERX2525820,contig_28
ERX2525821,contig_27
ERX2525885,contig_57
ERX2525886,contig_41
ERX2525888,contig_43
ERX2525890,contig_47
ERX2525891,contig_44
ERX2525914,contig_24
ERX2543628,contig_48
ERX2543659,contig_45
ERX2543670,contig_47
ERX2543713,contig_38
ERX2543714,contig_41
ERX2543723,contig_44
ERX2543726,contig_42
ERX2543733,contig_45
ERX2543734,contig_41
ERX2543736,contig_47
ERX2543737,contig_48
ERX2543739,contig_49
ERX2543740,contig_50
ERX2543742,contig_48
ERX2543743,contig_49
ERX2543744,contig_50
ERX2543745,contig_40
ERX2543746,contig_47
ERX2543749,contig_47
ERX2543751,contig_47
ERX2543757,contig_54
ERX2543759,contig_48
ERX2543765,contig_49
ERX2543768,contig_46
ERX2543770,contig_50
ERX2543771,contig_49
ERX2543772,contig_50
ERX2543775,contig_51
ERX2543776,contig_50
ERX2543778,contig_51
ERX2543784,contig_45
ERX2543788,contig_51
ERX2543792,contig_37
ERX2543795,contig_47
ERX2543799,contig_41
ERX2543800,contig_45
ERX2543801,contig_42
ERX2543805,contig_48
ERX2543808,contig_46
ERX2543821,contig_44
ERX2543823,contig_43
ERX2543825,contig_42
ERX2543828,contig_43
ERX2543829,contig_43
ERX2543830,contig_42
ERX2543831,contig_44
ERX2543838,contig_40
ERX2543839,contig_20
ERX2543840,contig_21
ERX2543845,contig_47
ERX2543851,contig_38
ERX2543854,contig_48
ERX2543860,contig_44
ERX2543873,contig_44
ERX2543874,contig_42
ERX2543877,contig_46
ERX2543878,contig_43
ERX2543884,contig_44
ERX2543885,contig_42
ERX2543886,contig_46
ERX2543887,contig_36
ERX2543896,contig_47
ERX2543902,contig_40
ERX2543903,contig_42
ERX2543904,contig_42
ERX2543907,contig_50
ERX2543908,contig_48
ERX2543910,contig_41
ERX2543916,contig_46
ERX2543929,contig_44
ERX2543931,contig_47
ERX2543934,contig_47
ERX2543943,contig_45
ERX2543962,contig_22
ERX2543963,contig_20
ERX2543964,contig_21
ERX2543965,contig_23
ERX2543966,contig_23
ERX2543967,contig_24
ERX2543970,contig_20
ERX2543972,contig_39
ERX2543973,contig_45
ERX2543974,contig_44
ERX2543975,contig_44
ERX2543976,contig_44
ERX2543977,contig_44
ERX2543982,contig_47
ERX2543997,contig_42
ERX2543998,contig_43
ERX2544001,contig_40
ERX2544002,contig_45
ERX2544003,contig_45
ERX2544007,contig_42
ERX2544009,contig_42
ERX2544010,contig_42
ERX2544018,contig_25
ERX2544027,contig_44
ERX2544028,contig_41
ERX2544030,contig_41
ERX2544031,contig_42
ERX2544042,contig_43
ERX2544049,contig_33
ERX2544056,contig_44
ERX2544058,contig_39
ERX2544059,contig_41
ERX2544065,contig_45
ERX2544067,contig_47
ERX2544072,contig_43
ERX2544073,contig_49
ERX2544074,contig_45
ERX2544075,contig_43
ERX2544076,contig_46
ERX2544085,contig_41
ERX2544087,contig_41
ERX2544088,contig_45
ERX2544089,contig_50
ERX2544093,contig_35
ERX2544102,contig_30
ERX2544103,contig_31
ERX2544105,contig_27
ERX2544108,contig_61
ERX2544157,contig_24
ERX2544162,contig_27
ERX2544175,contig_22
ERX2544193,contig_35
ERX2544237,contig_24
ERX2544262,contig_37
ERX2551875,contig_26
ERX2551938,contig_31
ERX2551947,contig_41
ERX2551989,contig_25
ERX2551990,contig_26
ERX2551992,contig_25
ERX2551994,contig_28
ERX2552003,contig_23
ERX2552023,contig_20
ERX2552026,contig_29
ERX2552027,contig_41
ERX2552028,contig_33
ERX2552038,contig_27
ERX2552048,contig_24
ERX2552049,contig_23
ERX2552065,contig_31
ERX2552092,contig_25
ERX2552096,contig_26
ERX2552208,contig_24
ERX2655968,contig_26
ERX2656012,contig_41
ERX2656026,contig_70
ERX2656031,contig_68
ERX2656040,contig_51
ERX2656049,contig_46
ERX2656059,contig_29
ERX2656060,contig_25
ERX2656062,contig_24
ERX2656068,contig_21
ERX2656074,contig_21
ERX2656077,contig_29
ERX267621,contig_28
ERX267652,contig_23
ERX267690,contig_42
ERX2742587,contig_31
ERX2742594,contig_17
ERX2742596,contig_21
ERX2742597,contig_15
ERX2742603,contig_33
ERX2742612,contig_14
ERX2742615,contig_14
ERX2742621,contig_27
ERX2742629,contig_21
ERX2742732,contig_19
ERX2742761,contig_29
ERX2742764,contig_22
ERX2742765,contig_28
ERX2742768,contig_20
ERX2742776,contig_23
ERX2742817,contig_38
ERX2742823,contig_20
ERX2742824,contig_22
ERX275987,contig_23
ERX276082,contig_41
ERX276087,contig_28
ERX276088,contig_35
ERX276172,contig_31
ERX276173,contig_36
ERX276174,contig_35
ERX2773027,contig_19
ERX2773028,contig_19
ERX2792091,contig_35
ERX2792117,contig_28
ERX2792124,contig_38
ERX2792131,contig_35
ERX2792151,contig_31
ERX2792152,contig_40
ERX2792153,contig_27
ERX284125,contig_29
ERX284137,contig_34
ERX284143,contig_36
ERX284150,contig_31
ERX284156,contig_34
ERX286209,contig_33
ERX2862322,contig_123
ERX2862323,contig_135
ERX2862327,contig_105
ERX2862329,contig_77
ERX2862338,contig_94
ERX2862339,contig_110
ERX2862341,contig_115
ERX2862342,contig_66
ERX2862345,contig_85
ERX2862346,contig_90
ERX2862351,contig_104
ERX2862352,contig_110
ERX2862363,contig_122
ERX287424,contig_30
ERX287426,contig_25
ERX289552,contig_82
ERX2932312,contig_64
ERX2979915,contig_81
ERX2979918,contig_69
ERX3015118,contig_23
ERX3015148,contig_28
ERX3015152,contig_17
ERX3015186,contig_15
ERX3015195,contig_24
ERX3015197,contig_25
ERX3015199,contig_40
ERX3015200,contig_23
ERX3024279,contig_70
ERX3024280,contig_89
ERX3024281,contig_39
ERX3024282,contig_71
ERX303850,contig_35
ERX303851,contig_34
ERX303852,contig_25
ERX303853,contig_27
ERX303854,contig_27
ERX303855,contig_33
ERX303856,contig_31
ERX303857,contig_32
ERX303858,contig_27
ERX303859,contig_31
ERX303860,contig_34
ERX303861,contig_28
ERX303862,contig_36
ERX303863,contig_42
ERX303864,contig_37
ERX303865,contig_33
ERX303867,contig_33
ERX303868,contig_37
ERX303869,contig_36
ERX303870,contig_34
ERX303871,contig_24
ERX303872,contig_31
ERX303873,contig_30
ERX303874,contig_23
ERX303875,contig_37
ERX303876,contig_35
ERX303877,contig_34
ERX303878,contig_33
ERX303879,contig_33
ERX303881,contig_35
ERX303882,contig_35
ERX303883,contig_38
ERX303884,contig_40
ERX303885,contig_34
ERX303886,contig_33
ERX303887,contig_39
ERX303888,contig_28
ERX303889,contig_35
ERX303890,contig_38
ERX303891,contig_32
ERX303892,contig_37
ERX303893,contig_35
ERX303894,contig_38
ERX303895,contig_36
ERX303896,contig_37
ERX303897,contig_28
ERX303898,contig_35
ERX303899,contig_35
ERX303900,contig_29
ERX303901,contig_30
ERX303902,contig_30
ERX303903,contig_28
ERX303904,contig_27
ERX303905,contig_29
ERX303906,contig_31
ERX303907,contig_38
ERX303908,contig_31
ERX303909,contig_37
ERX303910,contig_33
ERX303911,contig_26
ERX303912,contig_37
ERX303913,contig_40
ERX303914,contig_37
ERX303915,contig_28
ERX303916,contig_30
ERX303918,contig_37
ERX303919,contig_39
ERX303920,contig_33
ERX303921,contig_39
ERX303922,contig_38
ERX303925,contig_42
ERX303926,contig_33
ERX305147,contig_36
ERX3177050,contig_71
ERX3177051,contig_77
ERX3177052,contig_67
ERX3177059,contig_65
ERX3177060,contig_96
ERX3177062,contig_62
ERX3177063,contig_66
ERX3177064,contig_88
ERX3177065,contig_51
ERX3177066,contig_93
ERX3177067,contig_39
ERX3177068,contig_79
ERX3177069,contig_55
ERX3177070,contig_62
ERX3177071,contig_81
ERX3177073,contig_49
ERX3177079,contig_54
ERX3177080,contig_53
ERX3177081,contig_55
ERX3177082,contig_64
ERX3177083,contig_89
ERX3177087,contig_71
ERX3177096,contig_89
ERX3177097,contig_95
ERX3177098,contig_80
ERX3177099,contig_128
ERX3179995,contig_193
ERX3180001,contig_14
ERX3180013,contig_19
ERX3180017,contig_274
ERX3180023,contig_30
ERX3180029,contig_82
ERX3180038,contig_210
ERX3180044,contig_38
ERX3180047,contig_77
ERX3180050,contig_270
ERX3180060,contig_85
ERX3191257,contig_144
ERX325738,contig_48
ERX325739,contig_45
ERX325740,contig_44
ERX325742,contig_42
ERX325743,contig_43
ERX325744,contig_44
ERX325745,contig_46
ERX325746,contig_43
ERX325747,contig_48
ERX325748,contig_46
ERX325749,contig_41
ERX325750,contig_47
ERX325751,contig_44
ERX325752,contig_47
ERX325753,contig_46
ERX325754,contig_48
ERX325755,contig_48
ERX325756,contig_45
ERX325757,contig_45
ERX325758,contig_47
ERX325759,contig_46
ERX325760,contig_44
ERX325761,contig_45
ERX325762,contig_44
ERX325763,contig_44
ERX325764,contig_43
ERX325765,contig_47
ERX325766,contig_40
ERX325767,contig_62
ERX325768,contig_44
ERX325769,contig_44
ERX325770,contig_42
ERX325771,contig_43
ERX325772,contig_46
ERX325773,contig_43
ERX325774,contig_45
ERX325775,contig_43
ERX325776,contig_45
ERX325777,contig_44
ERX325778,contig_44
ERX325779,contig_43
ERX325780,contig_41
ERX325781,contig_44
ERX325782,contig_46
ERX325783,contig_42
ERX325784,contig_44
ERX325785,contig_42
ERX325786,contig_45
ERX325787,contig_43
ERX325788,contig_47
ERX325789,contig_47
ERX325790,contig_46
ERX325791,contig_47
ERX325792,contig_41
ERX325793,contig_43
ERX325794,contig_45
ERX325795,contig_45
ERX325796,contig_45
ERX325797,contig_43
ERX325798,contig_45
ERX325799,contig_43
ERX325800,contig_47
ERX325801,contig_46
ERX325802,contig_48
ERX325803,contig_41
ERX325804,contig_43
ERX325805,contig_40
ERX325806,contig_58
ERX325807,contig_46
ERX325808,contig_43
ERX325809,contig_45
ERX325810,contig_46
ERX325811,contig_45
ERX325812,contig_46
ERX325813,contig_45
ERX325814,contig_42
ERX325815,contig_44
ERX325816,contig_46
ERX325817,contig_41
ERX325818,contig_42
ERX325819,contig_43
ERX325820,contig_42
ERX325821,contig_46
ERX325822,contig_43
ERX325823,contig_43
ERX325824,contig_45
ERX325825,contig_42
ERX325826,contig_43
ERX325827,contig_45
ERX325828,contig_42
ERX325829,contig_44
ERX325830,contig_39
ERX325831,contig_46
ERX325832,contig_44
ERX325841,contig_40
ERX325842,contig_40
ERX325843,contig_43
ERX325844,contig_44
ERX325845,contig_39
ERX325846,contig_48
ERX325847,contig_45
ERX325848,contig_41
ERX325850,contig_43
ERX325851,contig_42
ERX325852,contig_42
ERX325853,contig_41
ERX325854,contig_43
ERX325855,contig_40
ERX325856,contig_43
ERX325958,contig_46
ERX325959,contig_46
ERX325960,contig_45
ERX325961,contig_44
ERX325962,contig_45
ERX325963,contig_42
ERX325964,contig_45
ERX325965,contig_45
ERX325966,contig_47
ERX325967,contig_44
ERX325968,contig_43
ERX325969,contig_46
ERX325970,contig_47
ERX325971,contig_43
ERX325972,contig_46
ERX325973,contig_48
ERX325974,contig_41
ERX325975,contig_47
ERX325976,contig_46
ERX325977,contig_46
ERX325978,contig_46
ERX325979,contig_45
ERX325980,contig_40
ERX325981,contig_43
ERX325982,contig_39
ERX325986,contig_41
ERX325987,contig_41
ERX325988,contig_41
ERX325989,contig_39
ERX325990,contig_42
ERX325991,contig_48
ERX325992,contig_45
ERX325994,contig_58
ERX325995,contig_44
ERX325996,contig_42
ERX325997,contig_43
ERX326001,contig_46
ERX326002,contig_43
ERX326004,contig_47
ERX326007,contig_45
ERX326008,contig_49
ERX326009,contig_47
ERX326010,contig_45
ERX326011,contig_47
ERX326012,contig_51
ERX326013,contig_47
ERX326021,contig_47
ERX326022,contig_42
ERX326024,contig_45
ERX326025,contig_43
ERX326026,contig_48
ERX326027,contig_48
ERX326028,contig_43
ERX326029,contig_43
ERX326030,contig_43
ERX326031,contig_45
ERX326032,contig_45
ERX326033,contig_44
ERX326034,contig_45
ERX326035,contig_46
ERX326036,contig_46
ERX326037,contig_47
ERX326038,contig_44
ERX326039,contig_42
ERX326040,contig_47
ERX326041,contig_46
ERX326042,contig_47
ERX326043,contig_46
ERX326044,contig_47
ERX326045,contig_48
ERX326046,contig_45
ERX326048,contig_48
ERX326049,contig_60
ERX326050,contig_46
ERX326052,contig_42
ERX326053,contig_40
ERX326054,contig_42
ERX326055,contig_50
ERX326056,contig_41
ERX326057,contig_42
ERX326060,contig_45
ERX326083,contig_46
ERX326084,contig_47
ERX326085,contig_43
ERX326086,contig_41
ERX326087,contig_46
ERX326088,contig_67
ERX326089,contig_45
ERX326090,contig_46
ERX326091,contig_44
ERX326092,contig_45
ERX326093,contig_46
ERX326094,contig_48
ERX326095,contig_48
ERX326096,contig_48
ERX326097,contig_47
ERX326098,contig_48
ERX326099,contig_44
ERX326100,contig_42
ERX326102,contig_49
ERX326103,contig_44
ERX326104,contig_46
ERX326105,contig_45
ERX326106,contig_46
ERX326107,contig_44
ERX326108,contig_47
ERX326109,contig_44
ERX326110,contig_40
ERX328680,contig_64
ERX328703,contig_199
ERX328712,contig_24
ERX330628,contig_44
ERX330629,contig_42
ERX330630,contig_46
ERX330632,contig_45
ERX330633,contig_44
ERX330634,contig_48
ERX330635,contig_47
ERX330636,contig_46
ERX330637,contig_44
ERX330638,contig_49
ERX330639,contig_42
ERX330640,contig_49
ERX330641,contig_45
ERX330642,contig_44
ERX330643,contig_42
ERX330644,contig_43
ERX330645,contig_41
ERX330646,contig_45
ERX330647,contig_45
ERX330648,contig_45
ERX330649,contig_43
ERX330650,contig_41
ERX330651,contig_44
ERX330652,contig_44
ERX330653,contig_44
ERX330654,contig_47
ERX330655,contig_43
ERX330656,contig_46
ERX330657,contig_51
ERX330658,contig_44
ERX330659,contig_43
ERX330660,contig_40
ERX330661,contig_45
ERX330662,contig_44
ERX330663,contig_40
ERX330664,contig_44
ERX330665,contig_40
ERX330666,contig_43
ERX330667,contig_41
ERX330668,contig_43
ERX330669,contig_45
ERX330670,contig_43
ERX330671,contig_44
ERX330672,contig_41
ERX330673,contig_43
ERX330674,contig_41
ERX330675,contig_42
ERX330676,contig_32
ERX330677,contig_32
ERX330678,contig_29
ERX330679,contig_38
ERX330680,contig_32
ERX330681,contig_34
ERX330682,contig_33
ERX330683,contig_33
ERX330684,contig_34
ERX330685,contig_31
ERX330686,contig_33
ERX330687,contig_32
ERX330688,contig_31
ERX330689,contig_34
ERX330690,contig_33
ERX330691,contig_31
ERX330692,contig_43
ERX330693,contig_44
ERX330694,contig_43
ERX330695,contig_43
ERX330696,contig_58
ERX330697,contig_38
ERX330698,contig_49
ERX330699,contig_41
ERX330700,contig_41
ERX330701,contig_39
ERX330702,contig_39
ERX330703,contig_41
ERX330704,contig_42
ERX330705,contig_42
ERX330706,contig_40
ERX330707,contig_40
ERX330716,contig_39
ERX330717,contig_43
ERX330718,contig_42
ERX330719,contig_41
ERX330720,contig_44
ERX330769,contig_41
ERX330770,contig_46
ERX330771,contig_46
ERX330772,contig_43
ERX330773,contig_44
ERX330774,contig_43
ERX330775,contig_46
ERX330776,contig_43
ERX330777,contig_44
ERX330778,contig_46
ERX330779,contig_46
ERX330780,contig_44
ERX330781,contig_44
ERX330782,contig_44
ERX330783,contig_46
ERX330784,contig_47
ERX330785,contig_44
ERX330786,contig_46
ERX330787,contig_47
ERX330788,contig_46
ERX330789,contig_62
ERX330790,contig_43
ERX330791,contig_45
ERX330792,contig_44
ERX330793,contig_45
ERX330794,contig_45
ERX330795,contig_40
ERX330796,contig_43
ERX330797,contig_46
ERX330798,contig_45
ERX330799,contig_43
ERX330800,contig_42
ERX330801,contig_45
ERX330802,contig_41
ERX330803,contig_45
ERX330804,contig_43
ERX330805,contig_44
ERX330806,contig_45
ERX330807,contig_44
ERX330808,contig_43
ERX330809,contig_45
ERX330810,contig_42
ERX330811,contig_45
ERX330812,contig_44
ERX330813,contig_43
ERX330814,contig_45
ERX330815,contig_42
ERX330816,contig_43
ERX330817,contig_44
ERX330819,contig_43
ERX330820,contig_45
ERX330821,contig_46
ERX330822,contig_46
ERX330823,contig_42
ERX330824,contig_47
ERX330825,contig_45
ERX330826,contig_43
ERX330827,contig_42
ERX330828,contig_42
ERX330829,contig_45
ERX330830,contig_48
ERX330831,contig_45
ERX330832,contig_46
ERX330833,contig_44
ERX330834,contig_45
ERX330835,contig_45
ERX330836,contig_43
ERX330837,contig_48
ERX330838,contig_44
ERX330841,contig_45
ERX330842,contig_45
ERX330843,contig_45
ERX330844,contig_62
ERX330845,contig_44
ERX330846,contig_44
ERX330847,contig_46
ERX330848,contig_46
ERX330849,contig_46
ERX330850,contig_47
ERX330851,contig_45
ERX330852,contig_46
ERX330853,contig_42
ERX330854,contig_46
ERX330855,contig_45
ERX330856,contig_48
ERX330857,contig_45
ERX330858,contig_42
ERX330859,contig_45
ERX330860,contig_42
ERX330862,contig_47
ERX330863,contig_44
ERX330864,contig_43
ERX330865,contig_45
ERX330866,contig_48
ERX330867,contig_46
ERX330868,contig_46
ERX330869,contig_44
ERX330870,contig_45
ERX330871,contig_46
ERX330872,contig_42
ERX330873,contig_43
ERX330874,contig_46
ERX330875,contig_41
ERX330876,contig_45
ERX330877,contig_45
ERX330878,contig_48
ERX330879,contig_42
ERX330880,contig_47
ERX330881,contig_45
ERX330882,contig_47
ERX330883,contig_85
ERX330884,contig_47
ERX330885,contig_49
ERX330886,contig_43
ERX330887,contig_48
ERX330888,contig_46
ERX330889,contig_47
ERX330890,contig_49
ERX330891,contig_46
ERX330892,contig_47
ERX330893,contig_43
ERX330894,contig_47
ERX330895,contig_53
ERX330896,contig_45
ERX330897,contig_48
ERX330898,contig_44
ERX330899,contig_41
ERX330901,contig_43
ERX330902,contig_47
ERX330903,contig_46
ERX330904,contig_45
ERX330905,contig_46
ERX330906,contig_47
ERX330907,contig_44
ERX330908,contig_46
ERX3309706,contig_39
ERX3309707,contig_38
ERX3309708,contig_37
ERX3319983,contig_176
ERX3319984,contig_201
ERX3319986,contig_119
ERX3319988,contig_52
ERX3319990,contig_67
ERX3319991,contig_55
ERX3319992,contig_46
ERX332978,contig_44
ERX332979,contig_44
ERX332980,contig_48
ERX332981,contig_51
ERX332982,contig_46
ERX332983,contig_49
ERX332984,contig_44
ERX332985,contig_45
ERX332986,contig_46
ERX332987,contig_46
ERX332988,contig_49
ERX332989,contig_46
ERX332990,contig_45
ERX332991,contig_46
ERX332992,contig_44
ERX332993,contig_44
ERX332994,contig_42
ERX332995,contig_44
ERX332996,contig_45
ERX332997,contig_45
ERX332998,contig_44
ERX332999,contig_43
ERX333000,contig_45
ERX333001,contig_45
ERX333002,contig_44
ERX333003,contig_48
ERX333004,contig_43
ERX333005,contig_42
ERX333006,contig_44
ERX333007,contig_47
ERX333008,contig_46
ERX333009,contig_46
ERX333010,contig_44
ERX333011,contig_47
ERX333012,contig_44
ERX333013,contig_46
ERX333014,contig_46
ERX333015,contig_47
ERX333016,contig_44
ERX333017,contig_46
ERX333018,contig_45
ERX333019,contig_45
ERX333020,contig_51
ERX333021,contig_43
ERX333022,contig_46
ERX333023,contig_46
ERX333024,contig_45
ERX333025,contig_44
ERX333026,contig_50
ERX333027,contig_42
ERX333028,contig_51
ERX333029,contig_46
ERX333030,contig_48
ERX333031,contig_48
ERX333032,contig_46
ERX333033,contig_46
ERX333034,contig_44
ERX333035,contig_46
ERX333036,contig_42
ERX333037,contig_45
ERX333038,contig_46
ERX333039,contig_44
ERX333040,contig_46
ERX333059,contig_47
ERX333060,contig_44
ERX333061,contig_47
ERX333062,contig_45
ERX333063,contig_45
ERX333064,contig_46
ERX333065,contig_45
ERX333066,contig_46
ERX333067,contig_47
ERX333068,contig_46
ERX333069,contig_46
ERX333070,contig_49
ERX333071,contig_49
ERX333072,contig_45
ERX333073,contig_44
ERX333074,contig_67
ERX333075,contig_46
ERX333076,contig_46
ERX333077,contig_46
ERX333078,contig_45
ERX333079,contig_44
ERX333080,contig_45
ERX333081,contig_45
ERX333082,contig_49
ERX333083,contig_43
ERX333084,contig_39
ERX333085,contig_40
ERX333086,contig_41
ERX333087,contig_41
ERX333088,contig_40
ERX333089,contig_41
ERX333090,contig_41
ERX333091,contig_41
ERX333092,contig_40
ERX333093,contig_41
ERX333094,contig_39
ERX333095,contig_42
ERX333096,contig_43
ERX333097,contig_40
ERX333098,contig_39
ERX333099,contig_41
ERX333100,contig_41
ERX333101,contig_41
ERX333102,contig_42
ERX333103,contig_45
ERX333104,contig_39
ERX333105,contig_43
ERX333106,contig_41
ERX333131,contig_39
ERX333132,contig_42
ERX333133,contig_40
ERX333134,contig_41
ERX333135,contig_41
ERX333136,contig_43
ERX333137,contig_39
ERX3336160,contig_66
ERX3381818,contig_14
ERX3381821,contig_15
ERX3405726,contig_39
ERX3405727,contig_36
ERX3420518,contig_83
ERX3420770,contig_20
ERX3420794,contig_50
ERX3420801,contig_32
ERX3420974,contig_33
ERX3433931,contig_20
ERX3434014,contig_24
ERX3434655,contig_21
ERX3448493,contig_47
ERX3448499,contig_20
ERX3448573,contig_41
ERX3448578,contig_37
ERX3448587,contig_40
ERX3448593,contig_16
ERX3449046,contig_23
ERX3449102,contig_22
ERX3449117,contig_22
ERX3449238,contig_22
ERX3449265,contig_23
ERX3449275,contig_22
ERX3449296,contig_19
ERX3449307,contig_23
ERX3462006,contig_21
ERX346934,contig_46
ERX3487988,contig_83
ERX3487989,contig_98
ERX3487990,contig_94
ERX3487991,contig_38
ERX3487992,contig_88
ERX3487993,contig_92
ERX3487994,contig_38
ERX3487995,contig_33
ERX3487996,contig_83
ERX3487997,contig_99
ERX3487998,contig_28
ERX3487999,contig_84
ERX3488000,contig_39
ERX3488001,contig_72
ERX3488002,contig_78
ERX3488003,contig_46
ERX3488004,contig_34
ERX3488005,contig_41
ERX3488006,contig_32
ERX3488007,contig_68
ERX3488008,contig_88
ERX3488010,contig_68
ERX3488011,contig_66
ERX3488012,contig_64
ERX3488013,contig_113
ERX3488014,contig_73
ERX3488015,contig_29
ERX3488016,contig_79
ERX3488017,contig_115
ERX3488018,contig_94
ERX3488019,contig_43
ERX3488020,contig_78
ERX3488021,contig_89
ERX3488022,contig_93
ERX3488023,contig_81
ERX3488024,contig_82
ERX3488025,contig_43
ERX3488026,contig_105
ERX3488027,contig_51
ERX3488028,contig_97
ERX3488029,contig_111
ERX3488030,contig_108
ERX3488031,contig_38
ERX3488033,contig_38
ERX3488034,contig_77
ERX3488035,contig_60
ERX3488036,contig_134
ERX3488037,contig_78
ERX3488039,contig_41
ERX3488040,contig_79
ERX3488042,contig_89
ERX3488043,contig_70
ERX3488044,contig_87
ERX3488045,contig_59
ERX3488046,contig_83
ERX3488047,contig_47
ERX3488048,contig_97
ERX3488049,contig_77
ERX3488050,contig_65
ERX3488051,contig_59
ERX3488052,contig_39
ERX3488053,contig_52
ERX3488054,contig_51
ERX3488055,contig_75
ERX349219,contig_37
ERX349732,contig_29
ERX352920,contig_58
ERX352921,contig_48
ERX352922,contig_69
ERX352923,contig_31
ERX3543747,contig_14
ERX3543748,contig_14
ERX3543750,contig_11
ERX3543804,contig_16
ERX3543821,contig_14
ERX3543827,contig_26
ERX3543828,contig_19
ERX3543830,contig_24
ERX3543831,contig_26
ERX3543832,contig_23
ERX3543833,contig_19
ERX3543834,contig_22
ERX3543835,contig_20
ERX3543836,contig_21
ERX3543837,contig_19
ERX3543838,contig_20
ERX3543839,contig_25
ERX3543840,contig_23
ERX3543841,contig_23
ERX3543842,contig_19
ERX3543843,contig_22
ERX3543844,contig_16
ERX3543846,contig_24
ERX3543848,contig_21
ERX3543849,contig_25
ERX3543850,contig_22
ERX3543851,contig_23
ERX3543853,contig_21
ERX3543854,contig_18
ERX3543856,contig_20
ERX3543857,contig_23
ERX3543858,contig_21
ERX3543860,contig_24
ERX3543861,contig_25
ERX3543862,contig_19
ERX3543863,contig_20
ERX3543864,contig_21
ERX3543865,contig_27
ERX3543866,contig_25
ERX3543867,contig_17
ERX3543868,contig_23
ERX3543869,contig_21
ERX3543870,contig_20
ERX3543871,contig_21
ERX3543872,contig_21
ERX3543873,contig_20
ERX3543874,contig_20
ERX3543875,contig_18
ERX3543876,contig_21
ERX3543877,contig_20
ERX3543878,contig_17
ERX3543879,contig_19
ERX3543880,contig_20
ERX3543881,contig_19
ERX3543882,contig_18
ERX3543883,contig_20
ERX3543884,contig_21
ERX3543885,contig_22
ERX3543886,contig_21
ERX3543887,contig_21
ERX3543888,contig_21
ERX3543889,contig_20
ERX3543890,contig_22
ERX3543891,contig_20
ERX3543892,contig_20
ERX3543893,contig_23
ERX3543894,contig_21
ERX3543895,contig_18
ERX3543896,contig_20
ERX3543897,contig_19
ERX3543898,contig_21
ERX3543899,contig_24
ERX3543900,contig_20
ERX3543901,contig_21
ERX3543903,contig_22
ERX3543904,contig_20
ERX3543905,contig_21
ERX3543906,contig_18
ERX3543907,contig_19
ERX3543908,contig_17
ERX3543909,contig_24
ERX3543910,contig_19
ERX3543911,contig_21
ERX3543912,contig_22
ERX3543913,contig_25
ERX3543914,contig_22
ERX3543915,contig_22
ERX3543916,contig_20
ERX3543917,contig_33
ERX3543918,contig_22
ERX3543921,contig_20
ERX3543922,contig_20
ERX3543924,contig_16
ERX3543925,contig_23
ERX3543926,contig_18
ERX3543927,contig_19
ERX3543928,contig_23
ERX3543929,contig_17
ERX3543930,contig_19
ERX3543935,contig_19
ERX3543945,contig_17
ERX3543947,contig_24
ERX3543948,contig_16
ERX3543949,contig_18
ERX3543950,contig_16
ERX3543951,contig_20
ERX3543954,contig_18
ERX3543956,contig_17
ERX3543958,contig_20
ERX3543959,contig_17
ERX3543960,contig_20
ERX3543961,contig_17
ERX3543963,contig_17
ERX3543964,contig_16
ERX3543965,contig_18
ERX3543967,contig_18
ERX3543970,contig_25
ERX3543971,contig_27
ERX3543974,contig_23
ERX3543975,contig_21
ERX3543977,contig_20
ERX3543978,contig_21
ERX3543979,contig_18
ERX3543980,contig_21
ERX3543981,contig_20
ERX3543985,contig_20
ERX3543986,contig_22
ERX3543987,contig_20
ERX3543988,contig_19
ERX3543989,contig_22
ERX3543990,contig_19
ERX3543991,contig_19
ERX3543992,contig_25
ERX3543993,contig_20
ERX3543994,contig_23
ERX3543995,contig_23
ERX3543996,contig_22
ERX3543997,contig_23
ERX3543998,contig_26
ERX3543999,contig_18
ERX3544000,contig_19
ERX3544001,contig_23
ERX3544002,contig_21
ERX3544003,contig_20
ERX3544004,contig_22
ERX3544005,contig_22
ERX3544006,contig_23
ERX3544007,contig_19
ERX3544008,contig_21
ERX3544009,contig_19
ERX3544012,contig_22
ERX3544013,contig_16
ERX3544015,contig_19
ERX3544016,contig_19
ERX3544017,contig_23
ERX3560115,contig_59
ERX3560116,contig_39
ERX3560117,contig_36
ERX3560118,contig_34
ERX3560119,contig_57
ERX3560121,contig_40
ERX3560122,contig_35
ERX3560123,contig_54
ERX3560125,contig_44
ERX3560126,contig_28
ERX3560127,contig_36
ERX3560128,contig_18
ERX3560129,contig_27
ERX3560130,contig_39
ERX3560132,contig_70
ERX3560133,contig_23
ERX3560134,contig_76
ERX3560135,contig_83
ERX3560137,contig_67
ERX3560138,contig_103
ERX3560139,contig_84
ERX3560140,contig_26
ERX3560141,contig_24
ERX3560142,contig_22
ERX3560143,contig_115
ERX3560144,contig_152
ERX3560145,contig_89
ERX3560146,contig_32
ERX3560147,contig_28
ERX3560148,contig_44
ERX3560149,contig_22
ERX3560150,contig_92
ERX3560151,contig_53
ERX3560152,contig_87
ERX3560154,contig_54
ERX3560155,contig_57
ERX3560157,contig_20
ERX3560158,contig_74
ERX3560159,contig_106
ERX3560160,contig_24
ERX3560161,contig_24
ERX3560162,contig_21
ERX3560164,contig_80
ERX3560165,contig_96
ERX3560166,contig_22
ERX3560167,contig_66
ERX3560168,contig_25
ERX3560169,contig_22
ERX3560170,contig_19
ERX3560171,contig_17
ERX3560172,contig_33
ERX3560173,contig_35
ERX3560174,contig_35
ERX3560175,contig_39
ERX3560176,contig_22
ERX3560177,contig_76
ERX3560178,contig_30
ERX3560179,contig_25
ERX3560180,contig_11
ERX3560181,contig_33
ERX3560182,contig_25
ERX3560183,contig_24
ERX3560185,contig_21
ERX3560186,contig_43
ERX3560187,contig_40
ERX3560188,contig_92
ERX3560189,contig_33
ERX3560190,contig_46
ERX3560191,contig_37
ERX3560192,contig_103
ERX3560193,contig_100
ERX3560194,contig_139
ERX3560195,contig_94
ERX3560199,contig_51
ERX3560200,contig_45
ERX3560203,contig_51
ERX3560204,contig_41
ERX3560205,contig_38
ERX3560206,contig_51
ERX3560207,contig_48
ERX3560208,contig_48
ERX3560209,contig_39
ERX3560210,contig_47
ERX3560211,contig_38
ERX3560212,contig_58
ERX3560213,contig_59
ERX3560214,contig_58
ERX3560215,contig_58
ERX3560216,contig_59
ERX3560217,contig_37
ERX3560218,contig_58
ERX3560219,contig_54
ERX3560221,contig_50
ERX3560222,contig_56
ERX3560223,contig_63
ERX3560226,contig_55
ERX3560227,contig_55
ERX3560228,contig_34
ERX3560229,contig_40
ERX3560231,contig_48
ERX3560232,contig_53
ERX3560233,contig_40
ERX3560234,contig_42
ERX3560235,contig_41
ERX3560237,contig_48
ERX3560238,contig_48
ERX3560239,contig_50
ERX3560240,contig_49
ERX3560241,contig_44
ERX3560242,contig_52
ERX3560243,contig_43
ERX3560244,contig_48
ERX3560245,contig_46
ERX3560246,contig_38
ERX3560247,contig_35
ERX3560248,contig_50
ERX3560250,contig_48
ERX3560251,contig_55
ERX3560252,contig_64
ERX3560253,contig_76
ERX3560254,contig_76
ERX3560257,contig_78
ERX3560258,contig_81
ERX3560259,contig_69
ERX3560260,contig_59
ERX3560261,contig_45
ERX3560262,contig_54
ERX3560263,contig_54
ERX3560264,contig_78
ERX3560265,contig_59
ERX3560266,contig_50
ERX3560267,contig_103
ERX3560268,contig_46
ERX3560269,contig_35
ERX3560270,contig_44
ERX3560271,contig_47
ERX3560272,contig_54
ERX3560273,contig_47
ERX3560274,contig_41
ERX3560275,contig_56
ERX3584650,contig_147
ERX3584663,contig_58
ERX3584664,contig_138
ERX3584672,contig_66
ERX3584673,contig_47
ERX3584674,contig_200
ERX3584675,contig_162
ERX3591262,contig_23
ERX3591270,contig_26
ERX3591287,contig_21
ERX3591289,contig_85
ERX3591416,contig_12
ERX3591462,contig_25
ERX3591483,contig_16
ERX3591502,contig_19
ERX3591509,contig_17
ERX3591525,contig_21
ERX3591554,contig_184
ERX3591588,contig_25
ERX3591591,contig_22
ERX3591592,contig_16
ERX3591595,contig_258
ERX359355,contig_14
ERX359376,contig_53
ERX359377,contig_62
ERX359378,contig_62
ERX359404,contig_44
ERX359482,contig_66
ERX360778,contig_31
ERX360782,contig_31
ERX360783,contig_30
ERX3687853,contig_29
ERX3687856,contig_34
ERX3687881,contig_13
ERX3687889,contig_15
ERX3687890,contig_27
ERX3687892,contig_33
ERX3687909,contig_30
ERX370074,contig_30
ERX370450,contig_45
ERX370452,contig_47
ERX370453,contig_45
ERX370456,contig_44
ERX370460,contig_46
ERX3724152,contig_28
ERX3724205,contig_37
ERX3724220,contig_54
ERX3724222,contig_187
ERX3724243,contig_35
ERX3724267,contig_183
ERX376399,contig_46
ERX376401,contig_47
ERX376492,contig_39
ERX3768616,contig_18
ERX3768623,contig_20
ERX3768625,contig_18
ERX3768627,contig_22
ERX3768628,contig_20
ERX3768629,contig_22
ERX3768630,contig_27
ERX3768631,contig_17
ERX3768633,contig_18
ERX3768634,contig_19
ERX3794010,contig_151
ERX3794014,contig_39
ERX3794015,contig_126
ERX3800958,contig_15
ERX3800959,contig_20
ERX3837391,contig_61
ERX3837434,contig_65
ERX3837436,contig_65
ERX3837452,contig_73
ERX3837455,contig_66
ERX3837489,contig_66
ERX3837492,contig_54
ERX3837510,contig_66
ERX3837533,contig_59
ERX3837549,contig_66
ERX3837554,contig_50
ERX3837573,contig_78
ERX3837586,contig_58
ERX3837614,contig_68
ERX3837618,contig_64
ERX3837626,contig_71
ERX3837644,contig_66
ERX3837691,contig_66
ERX3837697,contig_80
ERX3837703,contig_82
ERX3837709,contig_78
ERX3837747,contig_74
ERX3837749,contig_72
ERX3837832,contig_59
ERX3837837,contig_48
ERX3837882,contig_84
ERX3837889,contig_70
ERX3837893,contig_82
ERX3837904,contig_69
ERX3837918,contig_71
ERX3837922,contig_68
ERX3837927,contig_64
ERX3837936,contig_65
ERX3837948,contig_76
ERX3837961,contig_85
ERX3837986,contig_74
ERX3837989,contig_73
ERX3837995,contig_65
ERX3838013,contig_60
ERX3838018,contig_57
ERX3838021,contig_57
ERX3838034,contig_66
ERX3838058,contig_68
ERX3838091,contig_73
ERX3838111,contig_62
ERX3838115,contig_57
ERX3838117,contig_63
ERX3838122,contig_65
ERX384657,contig_72
ERX384731,contig_39
ERX384841,contig_32
ERX384881,contig_54
ERX385020,contig_46
ERX385027,contig_37
ERX385034,contig_35
ERX385049,contig_38
ERX385059,contig_29
ERX385064,contig_29
ERX385101,contig_52
ERX385131,contig_39
ERX385241,contig_45
ERX385308,contig_37
ERX385422,contig_35
ERX385454,contig_30
ERX385465,contig_25
ERX385496,contig_23
ERX385514,contig_48
ERX385526,contig_30
ERX3873682,contig_55
ERX3873707,contig_31
ERX3876960,contig_14
ERX389187,contig_39
ERX389280,contig_37
ERX391908,contig_31
ERX392000,contig_29
ERX3946389,contig_39
ERX3946408,contig_29
ERX3946409,contig_34
ERX3946414,contig_49
ERX3946419,contig_34
ERX3946421,contig_41
ERX3946466,contig_24
ERX3946470,contig_24
ERX3946471,contig_23
ERX3946473,contig_19
ERX3946474,contig_22
ERX3961817,contig_16
ERX3961818,contig_16
ERX3961841,contig_16
ERX3961853,contig_42
ERX3969897,contig_25
ERX3969901,contig_22
ERX3969903,contig_16
ERX3969933,contig_18
ERX3969952,contig_20
ERX3970029,contig_19
ERX3970046,contig_18
ERX3970048,contig_31
ERX3970062,contig_34
ERX3970065,contig_41
ERX3970073,contig_39
ERX3970094,contig_29
ERX3970096,contig_39
ERX3970135,contig_15
ERX3970166,contig_29
ERX3970170,contig_22
ERX3970260,contig_42
ERX3970818,contig_24
ERX3970838,contig_23
ERX3970920,contig_58
ERX3970942,contig_26
ERX3970978,contig_22
ERX3985625,contig_19
ERX3985709,contig_18
ERX3985716,contig_36
ERX3985725,contig_18
ERX3985793,contig_17
ERX3985796,contig_19
ERX3985825,contig_26
ERX3985841,contig_38
ERX3985884,contig_19
ERX3985908,contig_14
ERX3988158,contig_27
ERX3988252,contig_24
ERX3992581,contig_37
ERX3992584,contig_47
ERX3992591,contig_34
ERX3992604,contig_46
ERX3992605,contig_45
ERX3992616,contig_158
ERX3992620,contig_24
ERX3992627,contig_61
ERX3992628,contig_40
ERX3992636,contig_46
ERX3992653,contig_85
ERX4016406,contig_28
ERX4018888,contig_28
ERX4018889,contig_21
ERX4018890,contig_22
ERX4018893,contig_23
ERX4018894,contig_22
ERX4018895,contig_30
ERX4018896,contig_63
ERX4018899,contig_30
ERX4018901,contig_20
ERX4018903,contig_75
ERX4018919,contig_64
ERX4018920,contig_30
ERX4018921,contig_26
ERX4018922,contig_25
ERX4018929,contig_32
ERX4018930,contig_27
ERX4024550,contig_25
ERX4024616,contig_16
ERX4024617,contig_13
ERX4024618,contig_25
ERX405684,contig_44
ERX405746,contig_39
ERX4150208,contig_18
ERX4150479,contig_20
ERX4150482,contig_21
ERX416236,contig_26
ERX416246,contig_31
ERX4249743,contig_92
ERX4249746,contig_74
ERX4249747,contig_147
ERX4439943,contig_16
ERX4439944,contig_17
ERX4439945,contig_17
ERX4439946,contig_15
ERX4439947,contig_20
ERX4439948,contig_22
ERX4439949,contig_15
ERX4439950,contig_17
ERX4439951,contig_17
ERX4439952,contig_18
ERX4439953,contig_18
ERX4439954,contig_16
ERX4439955,contig_17
ERX4439956,contig_20
ERX4439957,contig_19
ERX4439958,contig_18
ERX4439959,contig_19
ERX4439960,contig_21
ERX4439961,contig_18
ERX4439962,contig_17
ERX4439963,contig_15
ERX4439964,contig_17
ERX4439965,contig_19
ERX4439966,contig_17
ERX4439967,contig_21
ERX4439968,contig_15
ERX4439969,contig_21
ERX4439970,contig_17
ERX4439971,contig_19
ERX4439972,contig_19
ERX4439973,contig_16
ERX4439974,contig_15
ERX4439975,contig_17
ERX4439976,contig_15
ERX4439977,contig_17
ERX4439978,contig_17
ERX4439979,contig_16
ERX4439980,contig_16
ERX4439981,contig_19
ERX4439982,contig_19
ERX4439983,contig_15
ERX4439984,contig_16
ERX4439985,contig_16
ERX4439986,contig_16
ERX4439987,contig_17
ERX4439988,contig_17
ERX4439992,contig_16
ERX4439993,contig_17
ERX4439994,contig_16
ERX4439995,contig_19
ERX4439996,contig_19
ERX4439997,contig_22
ERX4439998,contig_18
ERX4439999,contig_16
ERX4440000,contig_16
ERX4440001,contig_15
ERX4440002,contig_21
ERX4440003,contig_18
ERX4440004,contig_17
ERX4440005,contig_19
ERX4440006,contig_15
ERX4440007,contig_21
ERX4440008,contig_18
ERX4440009,contig_18
ERX4440010,contig_17
ERX4440011,contig_19
ERX4440012,contig_17
ERX4440013,contig_16
ERX4440015,contig_19
ERX4440016,contig_17
ERX4440017,contig_15
ERX4440018,contig_18
ERX4440019,contig_16
ERX4440020,contig_17
ERX4440021,contig_17
ERX4440022,contig_19
ERX4440023,contig_15
ERX4440024,contig_19
ERX4440025,contig_22
ERX451007,contig_42
ERX451016,contig_45
ERX451017,contig_43
ERX451018,contig_44
ERX451019,contig_42
ERX451020,contig_42
ERX451021,contig_43
ERX451022,contig_42
ERX451023,contig_39
ERX451025,contig_41
ERX451026,contig_40
ERX451027,contig_43
ERX451028,contig_42
ERX451029,contig_42
ERX451030,contig_42
ERX451031,contig_42
ERX451149,contig_45
ERX451150,contig_46
ERX451151,contig_42
ERX451152,contig_42
ERX451153,contig_46
ERX451154,contig_45
ERX451155,contig_44
ERX451156,contig_46
ERX451157,contig_47
ERX451158,contig_49
ERX451159,contig_45
ERX451160,contig_46
ERX451161,contig_46
ERX451162,contig_47
ERX451163,contig_45
ERX451164,contig_44
ERX451165,contig_45
ERX451166,contig_45
ERX451167,contig_48
ERX451168,contig_43
ERX451169,contig_43
ERX451170,contig_49
ERX451171,contig_44
ERX451172,contig_44
ERX451173,contig_47
ERX451174,contig_47
ERX451175,contig_48
ERX451176,contig_44
ERX451177,contig_44
ERX451178,contig_46
ERX451179,contig_49
ERX451180,contig_47
ERX451181,contig_44
ERX451182,contig_42
ERX451183,contig_44
ERX451184,contig_44
ERX451185,contig_47
ERX451186,contig_51
ERX451187,contig_48
ERX451188,contig_44
ERX451189,contig_46
ERX451190,contig_46
ERX451191,contig_45
ERX451192,contig_47
ERX451193,contig_46
ERX451194,contig_43
ERX451195,contig_52
ERX451196,contig_48
ERX451197,contig_45
ERX451198,contig_45
ERX451199,contig_43
ERX451200,contig_48
ERX451201,contig_45
ERX451202,contig_45
ERX451203,contig_45
ERX451204,contig_47
ERX451205,contig_46
ERX451206,contig_48
ERX451207,contig_47
ERX451208,contig_43
ERX451209,contig_48
ERX451210,contig_44
ERX451211,contig_49
ERX451212,contig_47
ERX451213,contig_49
ERX451214,contig_49
ERX451215,contig_48
ERX451216,contig_46
ERX451217,contig_46
ERX451218,contig_43
ERX451219,contig_47
ERX451220,contig_44
ERX451221,contig_45
ERX451222,contig_43
ERX451223,contig_45
ERX451224,contig_47
ERX451225,contig_43
ERX451226,contig_43
ERX451227,contig_44
ERX451228,contig_44
ERX451229,contig_43
ERX451230,contig_41
ERX451231,contig_43
ERX451232,contig_43
ERX451233,contig_44
ERX451234,contig_43
ERX451235,contig_43
ERX451236,contig_42
ERX451237,contig_43
ERX451238,contig_46
ERX451239,contig_42
ERX451240,contig_45
ERX451241,contig_44
ERX451242,contig_42
ERX451243,contig_45
ERX451244,contig_42
ERX451245,contig_36
ERX451246,contig_33
ERX451247,contig_29
ERX451248,contig_38
ERX451249,contig_36
ERX451250,contig_34
ERX451251,contig_31
ERX451252,contig_36
ERX451253,contig_30
ERX451254,contig_33
ERX451255,contig_33
ERX451256,contig_31
ERX451257,contig_33
ERX451258,contig_33
ERX451259,contig_32
ERX451260,contig_33
ERX451261,contig_46
ERX451262,contig_45
ERX451263,contig_49
ERX451264,contig_43
ERX451265,contig_48
ERX451266,contig_46
ERX451267,contig_47
ERX451268,contig_47
ERX451269,contig_43
ERX451270,contig_43
ERX451271,contig_43
ERX451272,contig_39
ERX451273,contig_43
ERX451274,contig_43
ERX451275,contig_46
ERX451276,contig_44
ERX451285,contig_42
ERX451286,contig_43
ERX451287,contig_40
ERX451288,contig_38
ERX451289,contig_45
ERX451290,contig_43
ERX451291,contig_43
ERX451292,contig_44
ERX451293,contig_44
ERX451294,contig_45
ERX451295,contig_48
ERX451296,contig_45
ERX451297,contig_46
ERX451298,contig_43
ERX451299,contig_44
ERX451300,contig_46
ERX451301,contig_47
ERX451302,contig_45
ERX451303,contig_44
ERX451304,contig_47
ERX451305,contig_47
ERX451306,contig_50
ERX451307,contig_52
ERX451308,contig_48
ERX451309,contig_44
ERX451310,contig_45
ERX451311,contig_44
ERX451312,contig_44
ERX451313,contig_48
ERX451316,contig_43
ERX451317,contig_47
ERX451318,contig_45
ERX451319,contig_46
ERX451320,contig_45
ERX451321,contig_49
ERX451322,contig_44
ERX451323,contig_44
ERX451324,contig_46
ERX451325,contig_48
ERX451326,contig_45
ERX451327,contig_43
ERX451328,contig_46
ERX451329,contig_46
ERX451330,contig_45
ERX451331,contig_46
ERX451332,contig_42
ERX451333,contig_46
ERX451334,contig_47
ERX451335,contig_47
ERX451337,contig_43
ERX451338,contig_47
ERX451339,contig_43
ERX451340,contig_45
ERX451341,contig_45
ERX451342,contig_46
ERX451343,contig_43
ERX451344,contig_42
ERX451345,contig_44
ERX451346,contig_43
ERX451347,contig_42
ERX451348,contig_47
ERX451349,contig_46
ERX451350,contig_43
ERX451351,contig_42
ERX451352,contig_47
ERX451353,contig_44
ERX451354,contig_50
ERX451355,contig_51
ERX451356,contig_47
ERX451357,contig_47
ERX451358,contig_48
ERX451359,contig_45
ERX451360,contig_45
ERX451361,contig_46
ERX451362,contig_47
ERX451363,contig_45
ERX451364,contig_47
ERX451365,contig_46
ERX451366,contig_46
ERX451367,contig_46
ERX451368,contig_46
ERX451369,contig_44
ERX451370,contig_47
ERX451371,contig_47
ERX451372,contig_51
ERX451373,contig_51
ERX451374,contig_46
ERX451376,contig_43
ERX451377,contig_46
ERX451378,contig_51
ERX451379,contig_49
ERX451380,contig_43
ERX451381,contig_45
ERX451382,contig_47
ERX451383,contig_48
ERX451416,contig_46
ERX451417,contig_42
ERX451418,contig_45
ERX451419,contig_44
ERX451420,contig_44
ERX451421,contig_42
ERX451422,contig_42
ERX451423,contig_45
ERX451424,contig_43
ERX451425,contig_44
ERX451426,contig_42
ERX451427,contig_45
ERX451428,contig_45
ERX451429,contig_41
ERX451430,contig_46
ERX451431,contig_41
ERX451432,contig_44
ERX451433,contig_44
ERX451434,contig_46
ERX451435,contig_47
ERX451436,contig_47
ERX451437,contig_42
ERX451438,contig_40
ERX451439,contig_42
ERX451440,contig_45
ERX451444,contig_47
ERX451445,contig_42
ERX451446,contig_38
ERX451447,contig_41
ERX451448,contig_45
ERX451449,contig_44
ERX451450,contig_45
ERX451452,contig_50
ERX451453,contig_47
ERX451454,contig_43
ERX451455,contig_47
ERX451459,contig_42
ERX451460,contig_44
ERX451462,contig_48
ERX451465,contig_47
ERX451466,contig_47
ERX451467,contig_46
ERX451468,contig_48
ERX451469,contig_46
ERX451470,contig_46
ERX451471,contig_47
ERX4553477,contig_26
ERX4553522,contig_59
ERX4553525,contig_155
ERX4553531,contig_65
ERX4553538,contig_77
ERX4553670,contig_44
ERX4553671,contig_47
ERX4553679,contig_79
ERX4553680,contig_101
ERX4553681,contig_57
ERX4553682,contig_50
ERX4553683,contig_61
ERX4553685,contig_55
ERX4553688,contig_52
ERX4553690,contig_79
ERX4553744,contig_72
ERX4553745,contig_83
ERX4553746,contig_86
ERX4553747,contig_45
ERX4553748,contig_46
ERX4553749,contig_55
ERX4553750,contig_62
ERX456026,contig_28
ERX456027,contig_30
ERX456033,contig_27
ERX456035,contig_27
ERX456038,contig_33
ERX456042,contig_41
ERX456044,contig_31
ERX456045,contig_30
ERX456049,contig_27
ERX456057,contig_31
ERX456061,contig_31
ERX456075,contig_32
ERX4580463,contig_161
ERX4580468,contig_153
ERX4580485,contig_39
ERX4580498,contig_35
ERX4580509,contig_31
ERX4580518,contig_127
ERX4580538,contig_165
ERX4584612,contig_34
ERX458901,contig_9
ERX458902,contig_55
ERX458917,contig_34
ERX458920,contig_16
ERX458923,contig_32
ERX458926,contig_27
ERX4593084,contig_15
ERX4593086,contig_16
ERX4593087,contig_15
ERX4613353,contig_271
ERX462063,contig_44
ERX462064,contig_46
ERX462065,contig_47
ERX462066,contig_45
ERX462067,contig_51
ERX462068,contig_47
ERX462069,contig_48
ERX462070,contig_48
ERX462071,contig_44
ERX462072,contig_46
ERX462073,contig_46
ERX462074,contig_45
ERX462075,contig_45
ERX462076,contig_45
ERX462077,contig_46
ERX462078,contig_45
ERX462079,contig_47
ERX462080,contig_47
ERX462081,contig_48
ERX462082,contig_45
ERX462083,contig_47
ERX462084,contig_46
ERX462085,contig_45
ERX462086,contig_49
ERX462087,contig_51
ERX462088,contig_42
ERX462089,contig_45
ERX462090,contig_44
ERX462091,contig_43
ERX462092,contig_47
ERX462093,contig_42
ERX462094,contig_45
ERX462095,contig_44
ERX462096,contig_48
ERX462097,contig_49
ERX462098,contig_45
ERX462099,contig_49
ERX462100,contig_44
ERX462101,contig_47
ERX462102,contig_47
ERX462103,contig_44
ERX462104,contig_46
ERX462105,contig_43
ERX462106,contig_45
ERX462107,contig_45
ERX462108,contig_45
ERX462109,contig_42
ERX462110,contig_45
ERX462111,contig_44
ERX462112,contig_43
ERX462113,contig_43
ERX462114,contig_44
ERX462115,contig_43
ERX462116,contig_41
ERX462117,contig_44
ERX462118,contig_47
ERX462119,contig_44
ERX462120,contig_46
ERX462121,contig_46
ERX462122,contig_49
ERX462123,contig_43
ERX462124,contig_45
ERX462125,contig_47
ERX462126,contig_46
ERX462127,contig_42
ERX462128,contig_46
ERX462129,contig_44
ERX462130,contig_42
ERX462131,contig_46
ERX462132,contig_45
ERX462133,contig_45
ERX462134,contig_44
ERX462135,contig_47
ERX462136,contig_45
ERX462137,contig_48
ERX462138,contig_48
ERX462139,contig_49
ERX462140,contig_47
ERX462141,contig_43
ERX462142,contig_46
ERX462143,contig_44
ERX462144,contig_47
ERX462145,contig_46
ERX462146,contig_44
ERX462147,contig_46
ERX462148,contig_46
ERX462149,contig_44
ERX462150,contig_45
ERX462151,contig_45
ERX462152,contig_45
ERX462153,contig_46
ERX462154,contig_47
ERX462155,contig_41
ERX462156,contig_47
ERX462183,contig_45
ERX462184,contig_45
ERX462185,contig_49
ERX462186,contig_48
ERX462187,contig_44
ERX462188,contig_44
ERX462189,contig_46
ERX462190,contig_47
ERX462191,contig_46
ERX462192,contig_47
ERX462193,contig_44
ERX462194,contig_45
ERX462195,contig_45
ERX462196,contig_44
ERX462197,contig_43
ERX462198,contig_46
ERX462199,contig_47
ERX462200,contig_47
ERX462201,contig_41
ERX462202,contig_48
ERX462203,contig_46
ERX462204,contig_43
ERX462205,contig_47
ERX462206,contig_47
ERX462207,contig_45
ERX462208,contig_49
ERX462209,contig_45
ERX462210,contig_48
ERX462211,contig_44
ERX462212,contig_46
ERX462213,contig_46
ERX462214,contig_47
ERX462215,contig_45
ERX462216,contig_43
ERX462217,contig_44
ERX462218,contig_46
ERX462219,contig_45
ERX462220,contig_46
ERX462221,contig_43
ERX462222,contig_45
ERX462223,contig_44
ERX462224,contig_48
ERX462225,contig_45
ERX462226,contig_42
ERX462227,contig_45
ERX462228,contig_45
ERX462229,contig_48
ERX462230,contig_44
ERX462231,contig_48
ERX462232,contig_42
ERX462233,contig_49
ERX462234,contig_45
ERX462235,contig_45
ERX462236,contig_44
ERX462237,contig_46
ERX462238,contig_47
ERX462239,contig_47
ERX462240,contig_45
ERX462241,contig_42
ERX462242,contig_44
ERX462243,contig_49
ERX462244,contig_43
ERX462245,contig_48
ERX462264,contig_48
ERX462265,contig_49
ERX462266,contig_50
ERX462267,contig_47
ERX462268,contig_45
ERX462269,contig_50
ERX462270,contig_44
ERX462271,contig_50
ERX462272,contig_48
ERX462273,contig_48
ERX462274,contig_48
ERX462275,contig_48
ERX462276,contig_45
ERX462277,contig_47
ERX462278,contig_45
ERX462279,contig_45
ERX462280,contig_46
ERX462281,contig_47
ERX462282,contig_46
ERX462283,contig_49
ERX462284,contig_46
ERX462285,contig_48
ERX462286,contig_49
ERX462287,contig_51
ERX462288,contig_41
ERX462289,contig_44
ERX462290,contig_42
ERX462291,contig_42
ERX462292,contig_48
ERX462293,contig_46
ERX462294,contig_41
ERX462295,contig_43
ERX462296,contig_42
ERX462297,contig_45
ERX462298,contig_42
ERX462299,contig_42
ERX462300,contig_41
ERX462301,contig_42
ERX462302,contig_40
ERX462303,contig_44
ERX462304,contig_41
ERX462305,contig_43
ERX462306,contig_44
ERX462307,contig_42
ERX462308,contig_44
ERX462309,contig_42
ERX462310,contig_43
ERX462311,contig_40
ERX462336,contig_43
ERX462337,contig_39
ERX462338,contig_47
ERX462339,contig_45
ERX462340,contig_39
ERX462341,contig_40
ERX462342,contig_39
ERX462343,contig_47
ERX462344,contig_43
ERX462345,contig_41
ERX462346,contig_48
ERX4651551,contig_28
ERX4652706,contig_21
ERX4652740,contig_30
ERX4652749,contig_35
ERX4652758,contig_28
ERX4652763,contig_26
ERX4652771,contig_31
ERX4652778,contig_27
ERX4652796,contig_58
ERX4653043,contig_26
ERX4653045,contig_30
ERX4653051,contig_25
ERX4653052,contig_26
ERX4653060,contig_26
ERX4653073,contig_27
ERX4653079,contig_28
ERX4653081,contig_27
ERX4653093,contig_24
ERX4653109,contig_29
ERX4653114,contig_21
ERX4660672,contig_23
ERX4660775,contig_26
ERX4660780,contig_27
ERX4660787,contig_12
ERX4660797,contig_23
ERX4660811,contig_21
ERX4660931,contig_22
ERX4661461,contig_20
ERX470695,contig_25
ERX470696,contig_29
ERX470702,contig_26
ERX470704,contig_28
ERX470707,contig_24
ERX470711,contig_37
ERX470713,contig_27
ERX470714,contig_25
ERX470718,contig_27
ERX470726,contig_26
ERX470730,contig_29
ERX470744,contig_21
ERX4767323,contig_34
ERX4767365,contig_71
ERX4767411,contig_117
ERX4767412,contig_134
ERX4767414,contig_188
ERX4767439,contig_103
ERX4767460,contig_184
ERX4767465,contig_135
ERX4767480,contig_129
ERX4778531,contig_116
ERX4778592,contig_84
ERX4778593,contig_101
ERX4778635,contig_128
ERX482542,contig_43
ERX482543,contig_48
ERX482544,contig_48
ERX482545,contig_43
ERX482546,contig_49
ERX482547,contig_44
ERX482548,contig_45
ERX482549,contig_46
ERX482550,contig_46
ERX482551,contig_42
ERX482552,contig_45
ERX482553,contig_46
ERX482554,contig_47
ERX482555,contig_46
ERX482556,contig_44
ERX482557,contig_46
ERX482558,contig_45
ERX482559,contig_48
ERX482560,contig_47
ERX482561,contig_44
ERX482562,contig_46
ERX482563,contig_45
ERX482564,contig_44
ERX482565,contig_46
ERX482566,contig_45
ERX482567,contig_45
ERX482569,contig_46
ERX482570,contig_47
ERX482571,contig_46
ERX482573,contig_44
ERX482574,contig_42
ERX482575,contig_43
ERX482576,contig_45
ERX482577,contig_41
ERX482578,contig_43
ERX482581,contig_48
ERX482604,contig_44
ERX482605,contig_47
ERX482606,contig_41
ERX482607,contig_44
ERX482608,contig_48
ERX482609,contig_48
ERX482610,contig_43
ERX482611,contig_43
ERX482612,contig_46
ERX482613,contig_47
ERX482614,contig_52
ERX482615,contig_49
ERX482616,contig_51
ERX482617,contig_46
ERX482618,contig_43
ERX482619,contig_51
ERX482620,contig_48
ERX482621,contig_46
ERX482623,contig_48
ERX482624,contig_45
ERX482625,contig_47
ERX482626,contig_50
ERX482627,contig_49
ERX482628,contig_45
ERX482629,contig_41
ERX482630,contig_40
ERX482631,contig_40
ERX4858617,contig_158
ERX4858632,contig_17
ERX490318,contig_30
ERX490360,contig_31
ERX490365,contig_36
ERX490380,contig_25
ERX492503,contig_48
ERX492515,contig_41
ERX4967118,contig_23
ERX4967132,contig_18
ERX4967162,contig_17
ERX4967166,contig_38
ERX4967175,contig_38
ERX4967177,contig_17
ERX4967179,contig_37
ERX4967181,contig_37
ERX4967183,contig_38
ERX4967185,contig_35
ERX4967187,contig_37
ERX4967188,contig_36
ERX4967189,contig_20
ERX4967190,contig_36
ERX4967191,contig_34
ERX4967193,contig_39
ERX4967194,contig_36
ERX4967196,contig_38
ERX4967200,contig_38
ERX4967201,contig_16
ERX4967250,contig_21
ERX4967258,contig_19
ERX4967281,contig_23
ERX505210,contig_17
ERX505288,contig_29
ERX505351,contig_34
ERX505369,contig_19
ERX505373,contig_47
ERX505380,contig_42
ERX505420,contig_21
ERX505425,contig_46
ERX505439,contig_60
ERX505445,contig_36
ERX505483,contig_34
ERX505514,contig_24
ERX505906,contig_50
ERX505915,contig_30
ERX505928,contig_39
ERX505978,contig_28
ERX505982,contig_44
ERX506007,contig_34
ERX506017,contig_26
ERX506036,contig_34
ERX506083,contig_28
ERX506135,contig_25
ERX506154,contig_28
ERX506158,contig_30
ERX506185,contig_28
ERX506194,contig_41
ERX506223,contig_28
ERX506227,contig_27
ERX513135,contig_25
ERX513158,contig_38
ERX513160,contig_38
ERX513173,contig_34
ERX513272,contig_29
ERX513340,contig_26
ERX513375,contig_34
ERX513386,contig_21
ERX513420,contig_41
ERX513475,contig_42
ERX513483,contig_42
ERX513494,contig_29
ERX513577,contig_28
ERX513629,contig_31
ERX513676,contig_32
ERX513758,contig_20
ERX513759,contig_28
ERX513770,contig_112
ERX513777,contig_20
ERX514138,contig_32
ERX5170491,contig_20
ERX5170500,contig_21
ERX5170637,contig_19
ERX5170644,contig_133
ERX5170654,contig_39
ERX5170657,contig_20
ERX5170662,contig_20
ERX5170663,contig_23
ERX5170666,contig_22
ERX5170667,contig_21
ERX5170707,contig_37
ERX5170714,contig_39
ERX5170715,contig_42
ERX5170865,contig_20
ERX5170876,contig_24
ERX5170887,contig_26
ERX5170890,contig_27
ERX5170896,contig_26
ERX5170902,contig_27
ERX5170904,contig_25
ERX5170908,contig_27
ERX5170909,contig_23
ERX5170910,contig_23
ERX5170914,contig_22
ERX5170915,contig_29
ERX5170917,contig_23
ERX5170918,contig_19
ERX5170921,contig_24
ERX5170923,contig_24
ERX5170973,contig_21
ERX5201759,contig_29
ERX523252,contig_46
ERX531886,contig_24
ERX531893,contig_43
ERX531898,contig_22
ERX531933,contig_23
ERX531938,contig_25
ERX531942,contig_24
ERX531964,contig_24
ERX532128,contig_29
ERX5352566,contig_21
ERX5352611,contig_19
ERX5352642,contig_16
ERX5352669,contig_21
ERX5352737,contig_22
ERX5352756,contig_23
ERX5352773,contig_23
ERX5352781,contig_29
ERX5352792,contig_26
ERX5352808,contig_21
ERX5352822,contig_22
ERX5352850,contig_19
ERX5352860,contig_17
ERX539055,contig_21
ERX539056,contig_18
ERX5451672,contig_137
ERX5451682,contig_80
ERX5451691,contig_193
ERX551093,contig_52
ERX551096,contig_25
ERX551102,contig_37
ERX551106,contig_51
ERX551107,contig_32
ERX551110,contig_30
ERX551113,contig_40
ERX551119,contig_31
ERX551124,contig_38
ERX551126,contig_31
ERX551127,contig_46
ERX551128,contig_28
ERX551130,contig_42
ERX551134,contig_45
ERX551139,contig_26
ERX551141,contig_28
ERX551143,contig_22
ERX551144,contig_31
ERX551146,contig_55
ERX551149,contig_48
ERX551152,contig_41
ERX551154,contig_25
ERX551158,contig_84
ERX551160,contig_42
ERX551163,contig_50
ERX551164,contig_25
ERX551167,contig_93
ERX551171,contig_36
ERX551179,contig_24
ERX551182,contig_34
ERX551184,contig_56
ERX551185,contig_33
ERX551186,contig_125
ERX551188,contig_137
ERX551192,contig_128
ERX551194,contig_136
ERX551195,contig_70
ERX551197,contig_118
ERX551198,contig_134
ERX551201,contig_134
ERX551203,contig_32
ERX551204,contig_17
ERX551206,contig_21
ERX551208,contig_10
ERX551212,contig_14
ERX551214,contig_26
ERX551554,contig_33
ERX551560,contig_57
ERX551562,contig_30
ERX551566,contig_24
ERX551567,contig_40
ERX551570,contig_81
ERX551575,contig_17
ERX551581,contig_36
ERX551584,contig_31
ERX551588,contig_42
ERX551589,contig_54
ERX551591,contig_47
ERX551592,contig_16
ERX551593,contig_19
ERX551594,contig_44
ERX551597,contig_21
ERX551601,contig_21
ERX551602,contig_39
ERX551797,contig_35
ERX551810,contig_33
ERX551812,contig_27
ERX551815,contig_27
ERX551818,contig_29
ERX552022,contig_21
ERX552023,contig_31
ERX552024,contig_27
ERX552026,contig_19
ERX552027,contig_45
ERX552037,contig_35
ERX552042,contig_28
ERX552043,contig_31
ERX552047,contig_42
ERX552048,contig_80
ERX552050,contig_37
ERX552051,contig_29
ERX552053,contig_22
ERX552055,contig_16
ERX552059,contig_19
ERX552060,contig_42
ERX552062,contig_44
ERX552067,contig_79
ERX552073,contig_17
ERX552074,contig_29
ERX552077,contig_86
ERX552078,contig_41
ERX552081,contig_24
ERX552082,contig_25
ERX552084,contig_48
ERX552101,contig_29
ERX552105,contig_26
ERX552106,contig_25
ERX552110,contig_56
ERX552114,contig_96
ERX552118,contig_35
ERX552119,contig_74
ERX552120,contig_44
ERX552121,contig_52
ERX552138,contig_44
ERX552140,contig_57
ERX552141,contig_50
ERX552143,contig_44
ERX552152,contig_79
ERX552153,contig_46
ERX552158,contig_36
ERX552161,contig_27
ERX552162,contig_43
ERX552163,contig_71
ERX552173,contig_123
ERX552177,contig_26
ERX552185,contig_24
ERX552186,contig_18
ERX552189,contig_29
ERX552192,contig_53
ERX552194,contig_50
ERX552197,contig_24
ERX552202,contig_58
ERX552205,contig_36
ERX552212,contig_28
ERX552215,contig_31
ERX552216,contig_28
ERX552226,contig_23
ERX552230,contig_158
ERX552234,contig_16
ERX555693,contig_68
ERX555695,contig_27
ERX555696,contig_22
ERX556644,contig_22
ERX556645,contig_25
ERX556646,contig_22
ERX556659,contig_29
ERX556668,contig_32
ERX556669,contig_37
ERX556800,contig_19
ERX556846,contig_36
ERX5736854,contig_40
ERX5736855,contig_36
ERX646200,contig_27
ERX646254,contig_31
ERX646272,contig_34
ERX646278,contig_34
ERX646362,contig_32
ERX646382,contig_33
ERX646909,contig_45
ERX652608,contig_53
ERX652614,contig_57
ERX652616,contig_29
ERX652620,contig_42
ERX652623,contig_43
ERX652647,contig_49
ERX652649,contig_50
ERX652650,contig_31
ERX652652,contig_44
ERX652653,contig_36
ERX652654,contig_47
ERX652657,contig_44
ERX652661,contig_40
ERX652666,contig_29
ERX652673,contig_41
ERX652676,contig_135
ERX652683,contig_50
ERX652684,contig_51
ERX652690,contig_56
ERX652726,contig_56
ERX652728,contig_26
ERX652758,contig_43
ERX652770,contig_37
ERX6560411,contig_26
ERX6560446,contig_27
ERX6560452,contig_26
ERX6560455,contig_18
ERX6560461,contig_34
ERX6560474,contig_17
ERX6560477,contig_16
ERX6560490,contig_26
ERX6560496,contig_25
ERX6560507,contig_15
ERX6560520,contig_16
ERX6560705,contig_20
ERX6560868,contig_17
ERX6560871,contig_26
ERX6560891,contig_23
ERX6560892,contig_24
ERX6560893,contig_22
ERX6560894,contig_21
ERX6560895,contig_25
ERX6560913,contig_33
ERX6560916,contig_30
ERX6560918,contig_34
ERX6560919,contig_21
ERX657927,contig_47
ERX657969,contig_45
ERX657974,contig_45
ERX658677,contig_34
ERX658769,contig_23
ERX658796,contig_28
ERX658869,contig_62
ERX658885,contig_42
ERX658890,contig_45
ERX658911,contig_37
ERX658920,contig_35
ERX658967,contig_39
ERX659031,contig_40
ERX659042,contig_31
ERX659057,contig_35
ERX659058,contig_36
ERX659082,contig_36
ERX659086,contig_42
ERX659108,contig_39
ERX659127,contig_28
ERX659157,contig_36
ERX659230,contig_45
ERX659293,contig_41
ERX659310,contig_46
ERX659315,contig_39
ERX659582,contig_39
ERX659594,contig_39
ERX659604,contig_54
ERX659614,contig_52
ERX659617,contig_49
ERX659639,contig_30
ERX659644,contig_49
ERX659645,contig_39
ERX659646,contig_42
ERX659647,contig_44
ERX659648,contig_44
ERX660871,contig_39
ERX660928,contig_32
ERX660949,contig_41
ERX6696638,contig_55
ERX6732112,contig_45
ERX674974,contig_48
ERX674982,contig_44
ERX674986,contig_43
ERX674987,contig_41
ERX674991,contig_47
ERX674996,contig_49
ERX675000,contig_31
ERX675002,contig_27
ERX675005,contig_57
ERX675011,contig_50
ERX675042,contig_40
ERX675043,contig_34
ERX675050,contig_22
ERX675060,contig_35
ERX676508,contig_101
ERX676509,contig_98
ERX676514,contig_121
ERX676519,contig_96
ERX676522,contig_137
ERX676524,contig_99
ERX676532,contig_131
ERX676536,contig_139
ERX676537,contig_130
ERX676541,contig_65
ERX676543,contig_46
ERX676544,contig_152
ERX676551,contig_83
ERX676553,contig_68
ERX676559,contig_120
ERX676563,contig_85
ERX676564,contig_86
ERX676565,contig_91
ERX676566,contig_68
ERX676568,contig_79
ERX676580,contig_126
ERX6794972,contig_22
ERX6794999,contig_30
ERX6795821,contig_33
ERX6795823,contig_33
ERX6795848,contig_32
ERX6795849,contig_32
ERX6795994,contig_36
ERX6796014,contig_32
ERX680644,contig_34
ERX680670,contig_24
ERX680685,contig_27
ERX680689,contig_47
ERX680690,contig_46
ERX680743,contig_50
ERX680796,contig_37
ERX680826,contig_28
ERX680846,contig_32
ERX680866,contig_31
ERX680874,contig_28
ERX680921,contig_39
ERX680942,contig_32
ERX680948,contig_32
ERX680984,contig_32
ERX680985,contig_31
ERX680992,contig_45
ERX681007,contig_48
ERX681013,contig_37
ERX681019,contig_67
ERX681022,contig_34
ERX681069,contig_33
ERX681115,contig_37
ERX681146,contig_29
ERX681155,contig_30
ERX681160,contig_48
ERX681210,contig_28
ERX681219,contig_38
ERX681233,contig_43
ERX681257,contig_29
ERX681280,contig_45
ERX681283,contig_46
ERX681303,contig_27
ERX681337,contig_45
ERX686606,contig_40
ERX686647,contig_30
ERX686675,contig_28
ERX686687,contig_58
ERX686735,contig_32
ERX686764,contig_44
ERX686772,contig_40
ERX686790,contig_48
ERX686795,contig_48
ERX686830,contig_31
ERX686835,contig_33
ERX686840,contig_38
ERX686842,contig_20
ERX686845,contig_45
ERX686869,contig_49
ERX686877,contig_37
ERX686882,contig_93
ERX686910,contig_44
ERX686912,contig_51
ERX686918,contig_37
ERX6909297,contig_29
ERX6909348,contig_38
ERX6909386,contig_17
ERX6909389,contig_18
ERX694882,contig_28
ERX694883,contig_55
ERX694884,contig_59
ERX694915,contig_55
ERX694917,contig_52
ERX694922,contig_54
ERX694941,contig_41
ERX694947,contig_57
ERX694953,contig_27
ERX694964,contig_34
ERX694968,contig_46
ERX694970,contig_55
ERX694971,contig_38
ERX7004132,contig_90
ERX7004136,contig_63
ERX7004137,contig_74
ERX7004139,contig_97
ERX7004142,contig_68
ERX7004146,contig_123
ERX7004148,contig_61
ERX7004152,contig_86
ERX7004154,contig_91
ERX7004155,contig_82
ERX7004156,contig_133
ERX7004158,contig_79
ERX7004159,contig_68
ERX7021780,contig_100
ERX7021785,contig_219
ERX7021799,contig_119
ERX7021827,contig_19
ERX7021835,contig_19
ERX7021839,contig_20
ERX7021840,contig_13
ERX7021841,contig_14
ERX7021853,contig_39
ERX7021863,contig_62
ERX7021874,contig_53
ERX717672,contig_45
ERX717690,contig_45
ERX717719,contig_41
ERX717728,contig_30
ERX717823,contig_32
ERX717906,contig_43
ERX717917,contig_31
ERX718012,contig_29
ERX7651559,contig_13
ERX7651650,contig_34
ERX7651684,contig_15
ERX7651736,contig_15
ERX7664217,contig_27
ERX7664221,contig_37
ERX7664222,contig_114
ERX7664224,contig_31
ERX7664229,contig_42
ERX7664230,contig_80
ERX7664231,contig_105
ERX7664372,contig_137
ERX7664375,contig_134
ERX7664382,contig_107
ERX7664565,contig_143
ERX770132,contig_41
ERX770165,contig_41
ERX770181,contig_47
ERX807409,contig_30
ERX807439,contig_38
ERX807563,contig_43
ERX807564,contig_21
ERX807592,contig_33
ERX8207608,contig_23
ERX8207705,contig_23
ERX8207796,contig_26
ERX8207799,contig_24
ERX8520066,contig_183
ERX8673574,contig_32
ERX8673581,contig_42
ERX8673582,contig_32
ERX8733990,contig_20
ERX8733991,contig_20
ERX8733992,contig_20
ERX8733993,contig_23
ERX8733994,contig_20
ERX8733995,contig_16
ERX8733997,contig_21
ERX8734013,contig_18
ERX8734014,contig_15
ERX8734015,contig_19
ERX8734016,contig_25
ERX8734017,contig_22
ERX8734018,contig_22
ERX8734019,contig_23
ERX8734024,contig_18
ERX8734025,contig_16
ERX8734026,contig_19
ERX8734027,contig_16
ERX8734028,contig_15
ERX8734029,contig_19
ERX8734031,contig_16
ERX8734034,contig_18
ERX8734038,contig_18
ERX8734039,contig_17
ERX909808,contig_104
ERX909809,contig_22
ERX909810,contig_78
ERX909811,contig_44
ERX909821,contig_22
ERX909825,contig_26
ERX909830,contig_27
ERX909833,contig_22
ERX909837,contig_24
ERX909838,contig_22
ERX909841,contig_21
ERX909844,contig_24
ERX909845,contig_21
ERX909847,contig_22
ERX909856,contig_24
ERX909860,contig_21
ERX909872,contig_21
ERX909874,contig_20
ERX909877,contig_229
ERX909878,contig_22
ERX909879,contig_218
ERX909880,contig_26
ERX909885,contig_22
ERX909889,contig_21
ERX910053,contig_28
ERX910737,contig_39
ERX910820,contig_29
ERX9215685,contig_21
ERX9215686,contig_19
ERX926291,contig_29
ERX926292,contig_31
ERX926301,contig_42
ERX926305,contig_40
ERX926306,contig_44
ERX926307,contig_40
ERX926322,contig_20
ERX926324,contig_18
ERX926328,contig_23
ERX926334,contig_24
ERX926386,contig_29
ERX926387,contig_25
ERX926396,contig_42
ERX926400,contig_43
ERX926401,contig_42
ERX926402,contig_43
ERX926417,contig_22
ERX926419,contig_22
ERX926423,contig_24
ERX926429,contig_22
ERX926809,contig_34
ERX947717,contig_64
ERX950060,contig_31
ERX950074,contig_22
ERX950151,contig_33
ERX956360,contig_32
ERX956371,contig_21
ERX956540,contig_31
ERX956548,contig_21
ERX956557,contig_25
ERX956559,contig_28
ERX956635,contig_31
ERX956641,contig_22
ERX956684,contig_22
ERX956695,contig_24
ERX956728,contig_31
ERX956789,contig_23
ERX956823,contig_33
ERX979909,contig_41
ERX979910,contig_47
ERX979913,contig_44
ERX979914,contig_46
ERX979916,contig_45
ERX979917,contig_40
ERX979918,contig_43
ERX979919,contig_43
ERX979927,contig_45
ERX980189,contig_23
ERX980239,contig_30
ERX980268,contig_39
ERX980270,contig_43
ERX980296,contig_30
ERX980306,contig_31
ERX980324,contig_32
ERX981472,contig_24
ERX981473,contig_20
ERX981474,contig_23
SRX004595,contig_102
SRX004728,contig_144
SRX004729,contig_113
SRX004731,contig_119
SRX004732,contig_55
SRX004734,contig_127
SRX004740,contig_89
SRX004965,contig_206
SRX004966,contig_120
SRX005428,contig_10
SRX035994,contig_136
SRX10120774,contig_53
SRX10120791,contig_31
SRX10120966,contig_38
SRX10121035,contig_27
SRX10154032,contig_5
SRX10154040,contig_77
SRX10154044,contig_31
SRX10154045,contig_25
SRX10154053,contig_50
SRX10154059,contig_180
SRX10154063,contig_35
SRX10154064,contig_26
SRX10186623,contig_99
SRX10186629,contig_92
SRX10186663,contig_73
SRX10186670,contig_91
SRX10186702,contig_92
SRX10186721,contig_73
SRX10186733,contig_63
SRX10186738,contig_63
SRX10186743,contig_92
SRX10186767,contig_75
SRX10186768,contig_126
SRX10186789,contig_85
SRX10186809,contig_63
SRX10186812,contig_69
SRX10186877,contig_122
SRX10186879,contig_88
SRX10186893,contig_83
SRX10186898,contig_60
SRX10186899,contig_56
SRX10186906,contig_61
SRX10186910,contig_83
SRX10186945,contig_60
SRX10186968,contig_95
SRX10186987,contig_57
SRX10187003,contig_75
SRX10187062,contig_102
SRX10187074,contig_119
SRX10187095,contig_84
SRX10187121,contig_115
SRX10187127,contig_105
SRX10187158,contig_98
SRX10187160,contig_94
SRX10187167,contig_103
SRX10187176,contig_97
SRX10187196,contig_85
SRX10187200,contig_69
SRX10187264,contig_81
SRX10187306,contig_101
SRX10187309,contig_76
SRX10187312,contig_120
SRX10187313,contig_82
SRX10187321,contig_86
SRX10187331,contig_96
SRX10205059,contig_99
SRX10205066,contig_100
SRX10205170,contig_65
SRX10205263,contig_119
SRX10205300,contig_112
SRX10205341,contig_111
SRX10205353,contig_71
SRX10205365,contig_128
SRX10205396,contig_100
SRX10205407,contig_102
SRX10205411,contig_91
SRX10205421,contig_92
SRX10205422,contig_101
SRX10205428,contig_83
SRX10205444,contig_91
SRX10205466,contig_142
SRX10205507,contig_125
SRX10205515,contig_137
SRX10344656,contig_16
SRX10344718,contig_10
SRX10344719,contig_19
SRX10344731,contig_31
SRX10344855,contig_28
SRX10344933,contig_23
SRX10344989,contig_55
SRX10345184,contig_23
SRX10345216,contig_19
SRX10345256,contig_24
SRX10345272,contig_13
SRX10345284,contig_14
SRX10345348,contig_24
SRX10345425,contig_19
SRX10345460,contig_15
SRX10345489,contig_19
SRX10345548,contig_34
SRX10345563,contig_26
SRX10345669,contig_24
SRX10345679,contig_38
SRX10345718,contig_14
SRX10345719,contig_15
SRX10345743,contig_40
SRX10345782,contig_18
SRX10345789,contig_24
SRX10345815,contig_15
SRX10345884,contig_33
SRX10345937,contig_33
SRX10345988,contig_39
SRX10346088,contig_29
SRX10346115,contig_24
SRX10346122,contig_20
SRX10346164,contig_46
SRX10346183,contig_40
SRX10346208,contig_22
SRX10346261,contig_18
SRX10346376,contig_15
SRX10346448,contig_14
SRX10346478,contig_39
SRX10346581,contig_36
SRX10346619,contig_38
SRX1044952,contig_17
SRX1051301,contig_36
SRX1051308,contig_35
SRX1051323,contig_39
SRX1051333,contig_29
SRX1051338,contig_29
SRX1051375,contig_49
SRX1051456,contig_24
SRX1051487,contig_28
SRX1051501,contig_49
SRX1051510,contig_30
SRX1051541,contig_32
SRX1051549,contig_39
SRX10649741,contig_22
SRX10674828,contig_19
SRX10674832,contig_24
SRX10674834,contig_70
SRX10874625,contig_24
SRX1092095,contig_39
SRX11011925,contig_82
SRX11011927,contig_110
SRX11011930,contig_86
SRX11011934,contig_66
SRX11011941,contig_47
SRX11011990,contig_77
SRX11011991,contig_106
SRX11011992,contig_55
SRX11011993,contig_83
SRX11011996,contig_134
SRX11011997,contig_61
SRX11011998,contig_66
SRX11011999,contig_68
SRX11012001,contig_45
SRX11012002,contig_29
SRX11012003,contig_54
SRX11012005,contig_59
SRX11012007,contig_87
SRX11012008,contig_53
SRX11012009,contig_57
SRX11012028,contig_98
SRX11012034,contig_88
SRX11012035,contig_68
SRX11012039,contig_97
SRX11012042,contig_56
SRX11012048,contig_66
SRX11012050,contig_86
SRX11012119,contig_89
SRX11012120,contig_30
SRX11012125,contig_121
SRX11012132,contig_115
SRX11012137,contig_69
SRX11012138,contig_83
SRX11012141,contig_78
SRX11012157,contig_65
SRX11012230,contig_104
SRX11012235,contig_63
SRX11012236,contig_88
SRX11012237,contig_44
SRX1114277,contig_49
SRX1116092,contig_76
SRX1116121,contig_133
SRX1116132,contig_47
SRX1116134,contig_189
SRX1116143,contig_132
SRX1116144,contig_139
SRX1116146,contig_110
SRX1116147,contig_167
SRX1116148,contig_147
SRX1116152,contig_183
SRX1116156,contig_90
SRX1116157,contig_133
SRX11237102,contig_180
SRX11237104,contig_184
SRX11237133,contig_205
SRX11237136,contig_190
SRX11237137,contig_204
SRX11246051,contig_38
SRX11351768,contig_43
SRX11351771,contig_42
SRX11351772,contig_42
SRX11351777,contig_42
SRX11351784,contig_37
SRX11351789,contig_37
SRX11351804,contig_37
SRX11351807,contig_40
SRX11351809,contig_44
SRX11351822,contig_37
SRX11351828,contig_40
SRX11351831,contig_40
SRX11351833,contig_38
SRX11351835,contig_48
SRX11351836,contig_40
SRX11351853,contig_38
SRX11628144,contig_42
SRX11759686,contig_24
SRX11759695,contig_40
SRX11759700,contig_34
SRX11759723,contig_39
SRX11759728,contig_41
SRX11759729,contig_40
SRX11759734,contig_41
SRX11759735,contig_49
SRX11759742,contig_29
SRX11759743,contig_22
SRX11759747,contig_38
SRX11759752,contig_38
SRX11759754,contig_39
SRX11759761,contig_37
SRX11759762,contig_38
SRX11759764,contig_37
SRX11759767,contig_40
SRX11759770,contig_64
SRX11759792,contig_45
SRX11759793,contig_43
SRX11759795,contig_40
SRX11759805,contig_39
SRX11759806,contig_41
SRX11759810,contig_22
SRX11759817,contig_19
SRX11759823,contig_44
SRX11759830,contig_41
SRX11759834,contig_37
SRX11759836,contig_37
SRX11759837,contig_43
SRX11759855,contig_40
SRX11759876,contig_38
SRX11759886,contig_36
SRX11759890,contig_37
SRX11759892,contig_42
SRX11759893,contig_43
SRX11759895,contig_39
SRX11759897,contig_42
SRX11759900,contig_34
SRX11759906,contig_35
SRX11759908,contig_38
SRX11759920,contig_38
SRX11759921,contig_41
SRX11759924,contig_37
SRX11759925,contig_36
SRX11759926,contig_46
SRX11759929,contig_42
SRX11759930,contig_39
SRX11759932,contig_40
SRX11759977,contig_45
SRX11760001,contig_46
SRX11760012,contig_41
SRX11760015,contig_42
SRX11760022,contig_42
SRX11760028,contig_37
SRX11760035,contig_39
SRX11760038,contig_37
SRX11760039,contig_35
SRX11760047,contig_38
SRX11760052,contig_50
SRX11760054,contig_38
SRX11760055,contig_39
SRX11760056,contig_39
SRX11760057,contig_40
SRX11760060,contig_36
SRX11760061,contig_40
SRX11760065,contig_43
SRX11760069,contig_37
SRX11760070,contig_40
SRX11760072,contig_38
SRX11760079,contig_34
SRX11760081,contig_23
SRX11760089,contig_37
SRX11760096,contig_41
SRX11760099,contig_39
SRX11760100,contig_36
SRX11760127,contig_45
SRX11760129,contig_56
SRX11760147,contig_42
SRX11760153,contig_44
SRX11760157,contig_35
SRX11760162,contig_36
SRX11760183,contig_17
SRX11760185,contig_46
SRX11760190,contig_41
SRX11760194,contig_39
SRX11760197,contig_43
SRX11760201,contig_39
SRX11760209,contig_37
SRX11760211,contig_36
SRX11760221,contig_38
SRX11760225,contig_35
SRX11760226,contig_37
SRX11760232,contig_22
SRX11760248,contig_41
SRX11760258,contig_45
SRX11760259,contig_44
SRX11760260,contig_36
SRX11760262,contig_38
SRX11760268,contig_48
SRX11760269,contig_42
SRX11760278,contig_39
SRX11760287,contig_43
SRX11760289,contig_37
SRX11760302,contig_37
SRX11760307,contig_28
SRX11760323,contig_39
SRX11760325,contig_45
SRX11760326,contig_36
SRX11760328,contig_41
SRX11760333,contig_40
SRX11760342,contig_41
SRX11760344,contig_42
SRX11760355,contig_40
SRX11760356,contig_39
SRX11760357,contig_37
SRX11760359,contig_43
SRX11760360,contig_38
SRX11760369,contig_40
SRX11760374,contig_38
SRX11760375,contig_39
SRX11760378,contig_41
SRX11760379,contig_41
SRX11760380,contig_41
SRX11760383,contig_23
SRX11760390,contig_45
SRX11760391,contig_48
SRX11760392,contig_40
SRX11760393,contig_45
SRX11760408,contig_43
SRX11760419,contig_46
SRX11760430,contig_24
SRX11760431,contig_25
SRX11760432,contig_23
SRX11900007,contig_101
SRX12195352,contig_216
SRX12195353,contig_78
SRX12195354,contig_25
SRX12195355,contig_25
SRX12195356,contig_82
SRX12195357,contig_29
SRX12195358,contig_41
SRX12195360,contig_31
SRX12195361,contig_169
SRX12195362,contig_32
SRX12195364,contig_87
SRX12195365,contig_34
SRX12195367,contig_55
SRX12195368,contig_72
SRX12195369,contig_192
SRX12195370,contig_157
SRX12195371,contig_81
SRX12195372,contig_25
SRX12195373,contig_164
SRX12294640,contig_40
SRX12744397,contig_64
SRX12744399,contig_33
SRX12744400,contig_25
SRX129593,contig_60
SRX129599,contig_45
SRX129600,contig_53
SRX129602,contig_60
SRX129605,contig_41
SRX129616,contig_44
SRX129617,contig_34
SRX129684,contig_60
SRX129685,contig_61
SRX129702,contig_81
SRX129758,contig_94
SRX129763,contig_93
SRX129775,contig_94
SRX129822,contig_78
SRX129823,contig_78
SRX129825,contig_77
SRX129827,contig_77
SRX129831,contig_110
SRX129833,contig_159
SRX135109,contig_147
SRX14004305,contig_14
SRX14004307,contig_17
SRX14004325,contig_37
SRX14004357,contig_35
SRX14004358,contig_14
SRX14004366,contig_20
SRX14004367,contig_24
SRX14004369,contig_15
SRX14004370,contig_14
SRX14004381,contig_16
SRX14109142,contig_42
SRX14109143,contig_32
SRX14109144,contig_43
SRX14109165,contig_33
SRX14109166,contig_33
SRX14109168,contig_36
SRX14109170,contig_36
SRX14109171,contig_42
SRX14109172,contig_35
SRX14109175,contig_37
SRX14109176,contig_35
SRX14109179,contig_36
SRX14109180,contig_35
SRX14109181,contig_39
SRX14109185,contig_34
SRX14109188,contig_40
SRX14109193,contig_36
SRX14109201,contig_44
SRX14109202,contig_46
SRX14109204,contig_45
SRX14109207,contig_36
SRX14109209,contig_39
SRX14109210,contig_41
SRX14109212,contig_39
SRX14109213,contig_35
SRX14109214,contig_36
SRX14109218,contig_49
SRX14109222,contig_26
SRX14109224,contig_28
SRX14109226,contig_30
SRX14109227,contig_29
SRX14109251,contig_33
SRX14674479,contig_32
SRX14676330,contig_17
SRX14677304,contig_12
SRX14677361,contig_29
SRX146853,contig_64
SRX14706934,contig_41
SRX14706935,contig_24
SRX14706936,contig_41
SRX14706937,contig_18
SRX14706938,contig_22
SRX14706939,contig_20
SRX14706940,contig_16
SRX14706941,contig_16
SRX14706944,contig_20
SRX14706945,contig_26
SRX14706946,contig_19
SRX14706947,contig_96
SRX14706948,contig_17
SRX14706949,contig_18
SRX14706950,contig_15
SRX14706952,contig_18
SRX14706953,contig_65
SRX14706954,contig_107
SRX14706955,contig_34
SRX14706956,contig_22
SRX14706957,contig_24
SRX14706958,contig_30
SRX14706959,contig_29
SRX14706960,contig_18
SRX14706961,contig_17
SRX14706962,contig_26
SRX14706963,contig_25
SRX14706964,contig_18
SRX14706965,contig_17
SRX14706966,contig_18
SRX14706967,contig_21
SRX14706968,contig_21
SRX14706969,contig_21
SRX14706970,contig_22
SRX14706972,contig_15
SRX14706973,contig_16
SRX14706974,contig_20
SRX14706975,contig_33
SRX14706976,contig_19
SRX14706977,contig_20
SRX14706979,contig_15
SRX14706980,contig_19
SRX14706981,contig_22
SRX14706982,contig_25
SRX14706983,contig_19
SRX14706984,contig_16
SRX14706985,contig_50
SRX14706986,contig_16
SRX14706987,contig_53
SRX14706990,contig_17
SRX14706991,contig_16
SRX14706992,contig_25
SRX14706993,contig_18
SRX14706998,contig_16
SRX14706999,contig_26
SRX14707000,contig_25
SRX14707001,contig_19
SRX14707002,contig_20
SRX14707003,contig_21
SRX14707004,contig_19
SRX14707005,contig_16
SRX14707006,contig_43
SRX14707007,contig_24
SRX14707008,contig_32
SRX14707009,contig_50
SRX14707010,contig_19
SRX14707011,contig_17
SRX14707012,contig_26
SRX14707013,contig_40
SRX14707014,contig_31
SRX14707015,contig_24
SRX14707016,contig_21
SRX14707017,contig_18
SRX14707018,contig_21
SRX14707019,contig_25
SRX14707020,contig_24
SRX14707021,contig_38
SRX14707022,contig_27
SRX14707023,contig_27
SRX14707024,contig_23
SRX14707025,contig_72
SRX14707026,contig_80
SRX14707028,contig_18
SRX14707029,contig_17
SRX14707030,contig_14
SRX14707031,contig_67
SRX14707032,contig_14
SRX14707033,contig_19
SRX14707034,contig_23
SRX14707035,contig_27
SRX14707036,contig_27
SRX14707037,contig_20
SRX14707039,contig_34
SRX14707040,contig_24
SRX14707041,contig_28
SRX14707042,contig_22
SRX14707043,contig_21
SRX14707044,contig_17
SRX14707045,contig_21
SRX14707046,contig_35
SRX14707047,contig_20
SRX14707048,contig_28
SRX14707049,contig_21
SRX14707052,contig_17
SRX14707053,contig_18
SRX14707054,contig_25
SRX14707055,contig_19
SRX14707056,contig_25
SRX14707057,contig_24
SRX14707059,contig_21
SRX14707062,contig_17
SRX14707063,contig_19
SRX14707068,contig_26
SRX14707069,contig_16
SRX14707070,contig_15
SRX14707071,contig_23
SRX14707072,contig_20
SRX14707073,contig_27
SRX14707075,contig_22
SRX14707076,contig_24
SRX14707077,contig_17
SRX14707079,contig_12
SRX14707080,contig_12
SRX14707081,contig_20
SRX14707082,contig_21
SRX14707084,contig_20
SRX14707085,contig_16
SRX14707086,contig_17
SRX14707087,contig_18
SRX14707088,contig_19
SRX14707089,contig_26
SRX14707090,contig_17
SRX14707091,contig_25
SRX14707092,contig_29
SRX14707093,contig_25
SRX14707094,contig_20
SRX147940,contig_64
SRX148442,contig_64
SRX14871151,contig_22
SRX14871153,contig_22
SRX14871154,contig_22
SRX14871159,contig_23
SRX14871164,contig_23
SRX14871169,contig_18
SRX14871170,contig_19
SRX14871175,contig_22
SRX14871176,contig_22
SRX14871180,contig_23
SRX1497254,contig_26
SRX1497259,contig_38
SRX1497260,contig_32
SRX152489,contig_84
SRX158243,contig_70
SRX1605497,contig_112
SRX1605501,contig_35
SRX1605542,contig_55
SRX1720353,contig_37
SRX1720529,contig_48
SRX1720533,contig_50
SRX1720606,contig_45
SRX1884747,contig_16
SRX1884898,contig_37
SRX1884916,contig_28
SRX1884921,contig_30
SRX1884987,contig_29
SRX1885018,contig_38
SRX1885023,contig_15
SRX1885061,contig_29
SRX1885128,contig_13
SRX1885356,contig_26
SRX1885485,contig_29
SRX1885512,contig_30
SRX1885522,contig_27
SRX1885534,contig_28
SRX1885540,contig_18
SRX1885543,contig_29
SRX1885573,contig_29
SRX1885631,contig_28
SRX1885715,contig_18
SRX1885731,contig_29
SRX1886626,contig_14
SRX1886686,contig_29
SRX1886698,contig_26
SRX1886731,contig_27
SRX1886739,contig_28
SRX1886844,contig_31
SRX1886918,contig_28
SRX1886971,contig_15
SRX1886974,contig_33
SRX1886991,contig_28
SRX1887373,contig_34
SRX1887397,contig_28
SRX1887401,contig_29
SRX1887403,contig_23
SRX1887420,contig_29
SRX1887493,contig_30
SRX1887555,contig_28
SRX1887593,contig_19
SRX1887610,contig_29
SRX1887649,contig_28
SRX1887709,contig_28
SRX1887735,contig_27
SRX1887777,contig_29
SRX1887840,contig_30
SRX2147148,contig_19
SRX2147153,contig_15
SRX2147154,contig_23
SRX2219168,contig_37
SRX2219194,contig_62
SRX2219198,contig_40
SRX2219211,contig_32
SRX2219220,contig_19
SRX2219346,contig_22
SRX2219412,contig_18
SRX2219480,contig_50
SRX2219583,contig_27
SRX2375734,contig_34
SRX2375789,contig_33
SRX2417055,contig_145
SRX2417059,contig_188
SRX2417060,contig_157
SRX2422751,contig_13
SRX2426194,contig_106
SRX2426203,contig_105
SRX2426216,contig_111
SRX2426217,contig_105
SRX2426220,contig_105
SRX2478920,contig_36
SRX2478921,contig_31
SRX2478922,contig_24
SRX2478923,contig_36
SRX2478924,contig_75
SRX2478925,contig_153
SRX2478927,contig_25
SRX2478928,contig_66
SRX2478929,contig_112
SRX2478930,contig_76
SRX2515446,contig_21
SRX2515447,contig_17
SRX2515448,contig_20
SRX2515449,contig_18
SRX2515450,contig_19
SRX2515451,contig_21
SRX2515452,contig_18
SRX2515453,contig_18
SRX2515454,contig_19
SRX2515455,contig_17
SRX2515456,contig_17
SRX2515457,contig_20
SRX2515458,contig_18
SRX2551377,contig_37
SRX2551385,contig_41
SRX2551400,contig_43
SRX2551402,contig_34
SRX2551406,contig_44
SRX2551408,contig_35
SRX2551412,contig_40
SRX2551424,contig_18
SRX2551489,contig_19
SRX2551490,contig_18
SRX2551491,contig_38
SRX2551508,contig_47
SRX2551532,contig_36
SRX2551543,contig_33
SRX2551561,contig_29
SRX2551581,contig_40
SRX2551591,contig_37
SRX2551607,contig_34
SRX2551617,contig_45
SRX2555668,contig_19
SRX2555677,contig_24
SRX2555687,contig_32
SRX2555777,contig_30
SRX2555780,contig_29
SRX2555794,contig_34
SRX2555798,contig_28
SRX2555819,contig_29
SRX2555824,contig_29
SRX2555846,contig_19
SRX2555871,contig_32
SRX2555952,contig_25
SRX2555993,contig_21
SRX2556034,contig_30
SRX2556098,contig_22
SRX2556115,contig_43
SRX2556185,contig_46
SRX2556204,contig_43
SRX2556209,contig_43
SRX2556272,contig_46
SRX2556311,contig_30
SRX2556320,contig_21
SRX2556412,contig_31
SRX2556499,contig_46
SRX2556533,contig_47
SRX2556540,contig_19
SRX2556545,contig_25
SRX2556550,contig_43
SRX2556580,contig_24
SRX2556583,contig_33
SRX2556586,contig_43
SRX2556596,contig_29
SRX2556618,contig_25
SRX2556619,contig_43
SRX2556635,contig_19
SRX2556992,contig_21
SRX2556998,contig_21
SRX2557008,contig_26
SRX2557099,contig_43
SRX2619652,contig_21
SRX2659746,contig_65
SRX2664922,contig_27
SRX2769151,contig_21
SRX2769301,contig_18
SRX2888430,contig_31
SRX3073673,contig_16
SRX313302,contig_46
SRX313304,contig_40
SRX313305,contig_37
SRX313306,contig_44
SRX313307,contig_43
SRX313312,contig_84
SRX3279848,contig_79
SRX3444084,contig_37
SRX3444087,contig_34
SRX3444088,contig_38
SRX3444090,contig_32
SRX3444092,contig_40
SRX3444094,contig_20
SRX3444095,contig_31
SRX3444100,contig_32
SRX3444105,contig_36
SRX3444106,contig_29
SRX3444111,contig_36
SRX3444113,contig_43
SRX3444123,contig_24
SRX3444126,contig_39
SRX3444128,contig_32
SRX3444130,contig_34
SRX3444134,contig_35
SRX3444136,contig_33
SRX3444147,contig_22
SRX3444161,contig_37
SRX3444163,contig_21
SRX3444168,contig_38
SRX3444171,contig_35
SRX3444172,contig_40
SRX3444178,contig_33
SRX3444179,contig_33
SRX3444180,contig_38
SRX3444184,contig_34
SRX3444187,contig_23
SRX3444189,contig_34
SRX3444190,contig_34
SRX3444197,contig_37
SRX3444199,contig_42
SRX3444200,contig_39
SRX3444205,contig_40
SRX3444207,contig_24
SRX3444208,contig_39
SRX3444209,contig_35
SRX3444211,contig_43
SRX3444218,contig_37
SRX3444221,contig_36
SRX3444222,contig_38
SRX3444224,contig_45
SRX3444227,contig_41
SRX3444230,contig_42
SRX3444234,contig_42
SRX3444235,contig_34
SRX3444239,contig_26
SRX3444244,contig_37
SRX3444249,contig_41
SRX3444252,contig_43
SRX3444253,contig_38
SRX3444265,contig_39
SRX3444267,contig_36
SRX3444270,contig_44
SRX3444272,contig_35
SRX3444274,contig_38
SRX3444275,contig_40
SRX3444277,contig_34
SRX3444282,contig_36
SRX3444283,contig_37
SRX3444285,contig_21
SRX3444286,contig_33
SRX3444291,contig_25
SRX3444299,contig_37
SRX3444306,contig_40
SRX3444311,contig_35
SRX3444317,contig_23
SRX3444325,contig_37
SRX3444328,contig_38
SRX3444331,contig_43
SRX3444334,contig_38
SRX3444337,contig_38
SRX3444343,contig_35
SRX3444345,contig_36
SRX3444348,contig_45
SRX3444349,contig_35
SRX3444350,contig_41
SRX3444352,contig_38
SRX3444357,contig_39
SRX3444361,contig_22
SRX3444363,contig_36
SRX3444369,contig_36
SRX3444372,contig_42
SRX3444374,contig_34
SRX3444382,contig_39
SRX3444389,contig_39
SRX3444391,contig_25
SRX3444399,contig_35
SRX3444400,contig_37
SRX3444405,contig_24
SRX3444411,contig_29
SRX3444414,contig_40
SRX3444415,contig_38
SRX3444416,contig_39
SRX3444418,contig_21
SRX3444420,contig_39
SRX3444421,contig_32
SRX3444423,contig_32
SRX3444426,contig_36
SRX3444428,contig_44
SRX3444432,contig_40
SRX3444433,contig_35
SRX3444440,contig_38
SRX3444443,contig_43
SRX3444448,contig_36
SRX3444452,contig_39
SRX3444453,contig_101
SRX3444458,contig_45
SRX3444462,contig_42
SRX3444464,contig_34
SRX3444465,contig_39
SRX3444472,contig_32
SRX3444473,contig_22
SRX3444479,contig_35
SRX3444484,contig_26
SRX3444487,contig_42
SRX3444494,contig_38
SRX3444501,contig_41
SRX3444502,contig_37
SRX3444504,contig_21
SRX3444506,contig_39
SRX3444508,contig_36
SRX3444509,contig_42
SRX3444515,contig_22
SRX3444521,contig_30
SRX3444527,contig_23
SRX3444528,contig_36
SRX3444534,contig_37
SRX3444536,contig_34
SRX3444543,contig_37
SRX3444547,contig_27
SRX3444550,contig_29
SRX3444553,contig_46
SRX3444555,contig_39
SRX3444559,contig_37
SRX3444563,contig_37
SRX3444566,contig_34
SRX3444572,contig_36
SRX3444573,contig_42
SRX3444574,contig_40
SRX3444577,contig_32
SRX3444581,contig_33
SRX3444582,contig_40
SRX3444585,contig_34
SRX3444588,contig_22
SRX3444592,contig_41
SRX3444594,contig_28
SRX3444598,contig_37
SRX3565535,contig_43
SRX3565536,contig_28
SRX3565537,contig_41
SRX3565540,contig_36
SRX364355,contig_38
SRX364373,contig_30
SRX366328,contig_88
SRX366333,contig_83
SRX366344,contig_41
SRX368002,contig_39
SRX368024,contig_46
SRX373632,contig_47
SRX373676,contig_45
SRX373677,contig_42
SRX373697,contig_52
SRX375519,contig_42
SRX375562,contig_41
SRX375575,contig_42
SRX375578,contig_39
SRX3882802,contig_45
SRX3882809,contig_49
SRX3882820,contig_159
SRX3882821,contig_38
SRX3882825,contig_35
SRX3882833,contig_56
SRX3882862,contig_58
SRX3882878,contig_56
SRX3882883,contig_43
SRX3882910,contig_44
SRX3882923,contig_30
SRX3882926,contig_37
SRX3882930,contig_48
SRX3882942,contig_45
SRX3882965,contig_43
SRX3882970,contig_39
SRX3882977,contig_42
SRX3882983,contig_39
SRX3882987,contig_40
SRX3882998,contig_37
SRX3883002,contig_43
SRX3883021,contig_39
SRX3883031,contig_38
SRX3883040,contig_24
SRX3883044,contig_68
SRX3883060,contig_22
SRX3883064,contig_31
SRX3883093,contig_44
SRX3883107,contig_74
SRX3883129,contig_31
SRX3883134,contig_38
SRX3883137,contig_41
SRX3883139,contig_50
SRX3883146,contig_27
SRX3883152,contig_43
SRX3883177,contig_233
SRX3883184,contig_53
SRX390945,contig_46
SRX390963,contig_46
SRX391624,contig_44
SRX391625,contig_43
SRX391626,contig_45
SRX391687,contig_45
SRX391711,contig_47
SRX391732,contig_43
SRX3919636,contig_22
SRX3919637,contig_14
SRX3919638,contig_13
SRX3919639,contig_17
SRX3919640,contig_17
SRX392345,contig_44
SRX392384,contig_48
SRX392422,contig_49
SRX392548,contig_42
SRX3963312,contig_37
SRX3963314,contig_47
SRX3963320,contig_35
SRX400089,contig_12
SRX4087069,contig_35
SRX4087223,contig_25
SRX4087268,contig_34
SRX4087301,contig_40
SRX4087401,contig_28
SRX4087444,contig_40
SRX4131445,contig_110
SRX4131446,contig_29
SRX4200091,contig_53
SRX4200161,contig_32
SRX4397400,contig_82
SRX4397401,contig_82
SRX4397403,contig_63
SRX4397404,contig_55
SRX4397405,contig_73
SRX4397406,contig_89
SRX4397407,contig_78
SRX4397408,contig_73
SRX451108,contig_88
SRX451136,contig_80
SRX4515905,contig_57
SRX4515909,contig_44
SRX4515911,contig_58
SRX4515916,contig_55
SRX4515926,contig_49
SRX4515930,contig_49
SRX4515934,contig_63
SRX4515954,contig_81
SRX4603977,contig_22
SRX4604031,contig_52
SRX4620181,contig_14
SRX4620182,contig_18
SRX4620184,contig_14
SRX4620185,contig_13
SRX4620186,contig_22
SRX4620187,contig_18
SRX4620188,contig_23
SRX4620189,contig_18
SRX4620190,contig_24
SRX4620191,contig_15
SRX4620192,contig_41
SRX4620193,contig_17
SRX4620194,contig_20
SRX4620195,contig_13
SRX4620196,contig_12
SRX4620197,contig_14
SRX4620198,contig_64
SRX4620199,contig_14
SRX4620200,contig_14
SRX4620201,contig_14
SRX4620202,contig_52
SRX4620203,contig_33
SRX4620204,contig_32
SRX4620206,contig_16
SRX4620209,contig_16
SRX4620211,contig_38
SRX4620212,contig_14
SRX4620215,contig_16
SRX4620216,contig_16
SRX4620217,contig_40
SRX4620218,contig_15
SRX467735,contig_49
SRX467763,contig_48
SRX467773,contig_48
SRX467779,contig_32
SRX467780,contig_51
SRX467787,contig_51
SRX467917,contig_41
SRX468077,contig_45
SRX468100,contig_43
SRX468260,contig_53
SRX468265,contig_50
SRX468274,contig_46
SRX468280,contig_44
SRX468298,contig_40
SRX468299,contig_47
SRX468300,contig_52
SRX4706618,contig_47
SRX4706619,contig_45
SRX4706620,contig_50
SRX4706625,contig_43
SRX4706628,contig_41
SRX4706629,contig_45
SRX4706631,contig_38
SRX4706633,contig_41
SRX4706650,contig_43
SRX4706652,contig_45
SRX4706653,contig_42
SRX4706654,contig_42
SRX4706656,contig_41
SRX4706660,contig_39
SRX4706665,contig_44
SRX4706666,contig_39
SRX4706667,contig_42
SRX4706669,contig_56
SRX4706670,contig_40
SRX4706671,contig_44
SRX4706678,contig_37
SRX4706688,contig_40
SRX4706696,contig_40
SRX4706698,contig_40
SRX4706700,contig_40
SRX4706725,contig_49
SRX4706728,contig_40
SRX4706734,contig_41
SRX4706738,contig_45
SRX4706740,contig_41
SRX4706741,contig_44
SRX4706747,contig_43
SRX4706748,contig_43
SRX4706751,contig_38
SRX4706752,contig_44
SRX4706760,contig_46
SRX4706764,contig_49
SRX4706770,contig_45
SRX4706773,contig_41
SRX4706774,contig_44
SRX4706775,contig_40
SRX4706776,contig_44
SRX4706781,contig_50
SRX4706782,contig_41
SRX4706794,contig_47
SRX4706795,contig_41
SRX4706800,contig_38
SRX4706803,contig_47
SRX4706816,contig_37
SRX473154,contig_39
SRX473165,contig_38
SRX473192,contig_45
SRX473202,contig_45
SRX473229,contig_42
SRX473230,contig_45
SRX473251,contig_53
SRX476972,contig_25
SRX476980,contig_48
SRX479703,contig_49
SRX479719,contig_48
SRX479818,contig_49
SRX4814826,contig_100
SRX4814838,contig_28
SRX4814844,contig_30
SRX4814871,contig_62
SRX4814876,contig_65
SRX4814883,contig_190
SRX4814887,contig_70
SRX4814888,contig_109
SRX4814892,contig_5
SRX4814897,contig_38
SRX4814903,contig_40
SRX4814914,contig_55
SRX4814924,contig_47
SRX4814925,contig_38
SRX4814927,contig_44
SRX4814938,contig_89
SRX4814942,contig_53
SRX4814955,contig_64
SRX4814956,contig_29
SRX4814963,contig_25
SRX4814982,contig_34
SRX4902629,contig_30
SRX4902643,contig_25
SRX4902658,contig_36
SRX4902660,contig_30
SRX4902676,contig_40
SRX4902680,contig_20
SRX4902690,contig_28
SRX4902691,contig_32
SRX4902692,contig_33
SRX4902694,contig_35
SRX4902704,contig_33
SRX499237,contig_34
SRX499244,contig_39
SRX499249,contig_34
SRX499251,contig_32
SRX502277,contig_31
SRX507197,contig_32
SRX507198,contig_37
SRX507199,contig_39
SRX507200,contig_42
SRX507202,contig_37
SRX507204,contig_28
SRX507206,contig_40
SRX507210,contig_36
SRX507214,contig_32
SRX507216,contig_40
SRX507217,contig_42
SRX507218,contig_34
SRX507219,contig_33
SRX507221,contig_29
SRX507222,contig_30
SRX507295,contig_32
SRX507297,contig_88
SRX507298,contig_32
SRX507299,contig_35
SRX507300,contig_37
SRX507303,contig_31
SRX507304,contig_38
SRX507306,contig_39
SRX507308,contig_46
SRX507309,contig_33
SRX507311,contig_39
SRX507322,contig_33
SRX507325,contig_40
SRX507326,contig_38
SRX507328,contig_45
SRX507330,contig_36
SRX507332,contig_32
SRX507360,contig_36
SRX507368,contig_35
SRX507400,contig_40
SRX507937,contig_46
SRX507955,contig_27
SRX508019,contig_42
SRX508046,contig_31
SRX508051,contig_35
SRX508052,contig_35
SRX508053,contig_31
SRX5092988,contig_42
SRX5092991,contig_22
SRX5092993,contig_23
SRX5092994,contig_25
SRX5092995,contig_22
SRX5092996,contig_20
SRX5092997,contig_18
SRX5092998,contig_20
SRX5092999,contig_36
SRX5093000,contig_50
SRX5093001,contig_28
SRX5093002,contig_34
SRX5093003,contig_25
SRX5093004,contig_34
SRX5093005,contig_24
SRX5093006,contig_31
SRX5093007,contig_45
SRX5093008,contig_19
SRX5093009,contig_30
SRX5093010,contig_45
SRX5093011,contig_42
SRX5093012,contig_46
SRX5093013,contig_40
SRX5093014,contig_41
SRX5093015,contig_49
SRX5093016,contig_47
SRX5093017,contig_27
SRX5093018,contig_34
SRX5093019,contig_46
SRX5093020,contig_72
SRX5093021,contig_43
SRX5093022,contig_88
SRX5093023,contig_39
SRX5093024,contig_36
SRX5093025,contig_47
SRX5093026,contig_24
SRX5093027,contig_33
SRX5093028,contig_48
SRX5093029,contig_43
SRX5093030,contig_48
SRX5093031,contig_42
SRX5093032,contig_35
SRX5093033,contig_31
SRX5093034,contig_39
SRX5093035,contig_54
SRX5093036,contig_56
SRX5093037,contig_44
SRX5093038,contig_45
SRX5093039,contig_59
SRX5093040,contig_23
SRX5093041,contig_25
SRX5093042,contig_20
SRX5093043,contig_20
SRX5093044,contig_22
SRX5093045,contig_22
SRX5093046,contig_23
SRX5093047,contig_12
SRX5093048,contig_41
SRX5093050,contig_45
SRX5093051,contig_41
SRX5093052,contig_42
SRX5093053,contig_55
SRX5093054,contig_118
SRX5093055,contig_45
SRX5093056,contig_45
SRX5093057,contig_43
SRX5093058,contig_28
SRX510567,contig_31
SRX511745,contig_29
SRX511749,contig_44
SRX511753,contig_43
SRX511775,contig_46
SRX511782,contig_35
SRX511791,contig_98
SRX511798,contig_39
SRX511804,contig_51
SRX5162731,contig_26
SRX5163188,contig_20
SRX5163189,contig_38
SRX5163190,contig_16
SRX5163191,contig_42
SRX5163192,contig_12
SRX5163194,contig_99
SRX5163195,contig_43
SRX5163196,contig_21
SRX5163197,contig_22
SRX5163198,contig_14
SRX5163199,contig_16
SRX5163200,contig_30
SRX5163201,contig_42
SRX5163202,contig_63
SRX5163203,contig_97
SRX5163205,contig_53
SRX5163206,contig_32
SRX5163207,contig_58
SRX5163208,contig_45
SRX5163209,contig_40
SRX5163210,contig_91
SRX5163212,contig_25
SRX5163213,contig_45
SRX5163214,contig_32
SRX5163215,contig_73
SRX5163216,contig_31
SRX5163217,contig_15
SRX5163218,contig_14
SRX5163219,contig_8
SRX5163220,contig_13
SRX5163221,contig_16
SRX5163222,contig_22
SRX5198745,contig_19
SRX5208381,contig_12
SRX5208383,contig_11
SRX5208384,contig_12
SRX5208386,contig_12
SRX5208387,contig_14
SRX5208389,contig_13
SRX5208390,contig_14
SRX5208391,contig_10
SRX5208392,contig_13
SRX5208393,contig_15
SRX5208394,contig_13
SRX5208395,contig_11
SRX5208396,contig_15
SRX5208397,contig_12
SRX5208398,contig_15
SRX5208399,contig_15
SRX5208400,contig_16
SRX5208401,contig_11
SRX5208402,contig_13
SRX5208403,contig_25
SRX5208404,contig_31
SRX5208405,contig_37
SRX5208406,contig_34
SRX5208407,contig_51
SRX5208408,contig_65
SRX5208409,contig_18
SRX5208411,contig_18
SRX5208412,contig_12
SRX5208413,contig_12
SRX5208414,contig_13
SRX5208416,contig_12
SRX5208426,contig_34
SRX5208427,contig_16
SRX5208428,contig_23
SRX5208429,contig_39
SRX5208430,contig_34
SRX5208431,contig_31
SRX5208432,contig_26
SRX5208433,contig_70
SRX5208434,contig_19
SRX5208435,contig_24
SRX5208436,contig_25
SRX5208437,contig_18
SRX5208438,contig_41
SRX5208439,contig_23
SRX5208441,contig_52
SRX5208442,contig_66
SRX5208443,contig_123
SRX5208444,contig_22
SRX5208445,contig_93
SRX5208446,contig_18
SRX5208447,contig_15
SRX5208448,contig_28
SRX5208449,contig_52
SRX5208450,contig_40
SRX5208451,contig_35
SRX5208452,contig_24
SRX5208453,contig_35
SRX5208454,contig_60
SRX5208455,contig_26
SRX5208456,contig_15
SRX5208457,contig_18
SRX5208458,contig_31
SRX5208459,contig_20
SRX5208460,contig_20
SRX5208461,contig_21
SRX5208471,contig_19
SRX5208472,contig_30
SRX5208473,contig_68
SRX5208474,contig_46
SRX5208475,contig_49
SRX5208476,contig_33
SRX5208477,contig_35
SRX5208478,contig_30
SRX5208479,contig_46
SRX5208480,contig_87
SRX5208481,contig_31
SRX5208482,contig_39
SRX5208485,contig_21
SRX5208486,contig_81
SRX5208487,contig_40
SRX5208488,contig_103
SRX5208490,contig_16
SRX5208491,contig_52
SRX5208492,contig_75
SRX5208493,contig_34
SRX5208494,contig_27
SRX5208495,contig_113
SRX5208496,contig_38
SRX5208498,contig_76
SRX5208499,contig_74
SRX5208502,contig_44
SRX5208503,contig_52
SRX5208504,contig_81
SRX5208505,contig_85
SRX5208506,contig_128
SRX521237,contig_38
SRX5244762,contig_16
SRX5244763,contig_23
SRX5244764,contig_32
SRX5244765,contig_15
SRX5244766,contig_62
SRX5244767,contig_62
SRX5244768,contig_16
SRX5244769,contig_51
SRX5415651,contig_40
SRX5415652,contig_43
SRX5415653,contig_43
SRX5415654,contig_41
SRX5415655,contig_40
SRX546085,contig_39
SRX547962,contig_38
SRX547964,contig_35
SRX547965,contig_30
SRX547966,contig_36
SRX547967,contig_38
SRX547969,contig_39
SRX547970,contig_37
SRX547972,contig_41
SRX547973,contig_38
SRX547975,contig_30
SRX547976,contig_34
SRX547979,contig_30
SRX548065,contig_37
SRX548067,contig_38
SRX548068,contig_35
SRX548069,contig_34
SRX548077,contig_38
SRX548078,contig_35
SRX548079,contig_35
SRX548080,contig_30
SRX548082,contig_35
SRX548084,contig_36
SRX548500,contig_40
SRX548501,contig_32
SRX548509,contig_43
SRX548524,contig_32
SRX548543,contig_32
SRX548556,contig_39
SRX548557,contig_33
SRX548559,contig_34
SRX548560,contig_31
SRX5506930,contig_66
SRX5506931,contig_49
SRX5506932,contig_40
SRX5506933,contig_36
SRX5506944,contig_193
SRX5506945,contig_193
SRX5506946,contig_181
SRX5506947,contig_183
SRX5506949,contig_191
SRX5506950,contig_116
SRX5506951,contig_158
SRX5506952,contig_85
SRX5506953,contig_169
SRX5506954,contig_133
SRX5506955,contig_170
SRX5506956,contig_139
SRX5506957,contig_151
SRX5506959,contig_168
SRX5506960,contig_176
SRX5506961,contig_183
SRX5506962,contig_162
SRX5506963,contig_194
SRX5506964,contig_199
SRX5506965,contig_161
SRX5506967,contig_192
SRX5506969,contig_152
SRX5506970,contig_136
SRX5506971,contig_174
SRX5506972,contig_190
SRX5506973,contig_179
SRX5506974,contig_94
SRX5506975,contig_188
SRX5506976,contig_144
SRX5506977,contig_79
SRX5506978,contig_112
SRX5506979,contig_198
SRX5506980,contig_1
SRX5506981,contig_119
SRX5506982,contig_187
SRX5506983,contig_180
SRX554584,contig_49
SRX554792,contig_190
SRX554795,contig_26
SRX555592,contig_33
SRX555593,contig_32
SRX555598,contig_30
SRX555599,contig_38
SRX555604,contig_37
SRX555616,contig_42
SRX555633,contig_40
SRX555641,contig_39
SRX555642,contig_31
SRX555662,contig_47
SRX555664,contig_30
SRX555667,contig_35
SRX555678,contig_35
SRX555684,contig_32
SRX555689,contig_36
SRX555692,contig_53
SRX555702,contig_42
SRX555703,contig_38
SRX555708,contig_29
SRX555752,contig_97
SRX555753,contig_37
SRX555757,contig_38
SRX555765,contig_39
SRX555780,contig_39
SRX555782,contig_44
SRX555784,contig_33
SRX555789,contig_32
SRX555798,contig_32
SRX555799,contig_103
SRX555801,contig_44
SRX555823,contig_32
SRX555825,contig_38
SRX555828,contig_39
SRX555830,contig_37
SRX555856,contig_37
SRX555865,contig_32
SRX555876,contig_37
SRX555878,contig_41
SRX555881,contig_33
SRX555882,contig_33
SRX555908,contig_44
SRX555910,contig_38
SRX555914,contig_36
SRX555915,contig_92
SRX565715,contig_30
SRX565719,contig_41
SRX565727,contig_36
SRX565728,contig_30
SRX565730,contig_40
SRX565731,contig_32
SRX565733,contig_33
SRX565735,contig_30
SRX565738,contig_33
SRX565741,contig_32
SRX5659546,contig_33
SRX5659636,contig_37
SRX566055,contig_39
SRX566056,contig_34
SRX566058,contig_77
SRX566059,contig_35
SRX566060,contig_30
SRX566061,contig_29
SRX566065,contig_83
SRX566067,contig_25
SRX566068,contig_36
SRX566069,contig_36
SRX566071,contig_30
SRX566074,contig_38
SRX566076,contig_35
SRX566081,contig_32
SRX566083,contig_32
SRX566085,contig_37
SRX566086,contig_30
SRX566087,contig_37
SRX566091,contig_28
SRX566092,contig_37
SRX566093,contig_30
SRX566100,contig_33
SRX566102,contig_32
SRX566106,contig_33
SRX566780,contig_31
SRX566785,contig_38
SRX566786,contig_33
SRX566787,contig_33
SRX566788,contig_37
SRX566792,contig_32
SRX566796,contig_34
SRX566797,contig_34
SRX566798,contig_36
SRX566878,contig_36
SRX566880,contig_34
SRX566881,contig_32
SRX566882,contig_40
SRX566890,contig_38
SRX566894,contig_38
SRX566895,contig_35
SRX566896,contig_32
SRX566898,contig_33
SRX566899,contig_39
SRX566901,contig_45
SRX566904,contig_39
SRX566906,contig_31
SRX566907,contig_34
SRX566908,contig_33
SRX566912,contig_32
SRX566913,contig_40
SRX566915,contig_34
SRX566916,contig_40
SRX566919,contig_38
SRX566920,contig_35
SRX566923,contig_30
SRX566927,contig_33
SRX566928,contig_36
SRX566930,contig_37
SRX567352,contig_41
SRX567353,contig_31
SRX567354,contig_39
SRX567357,contig_38
SRX567358,contig_31
SRX567359,contig_35
SRX567360,contig_30
SRX567362,contig_31
SRX567363,contig_43
SRX567367,contig_37
SRX567368,contig_37
SRX567371,contig_28
SRX567372,contig_31
SRX567373,contig_35
SRX567375,contig_35
SRX567379,contig_31
SRX567388,contig_39
SRX567389,contig_29
SRX567390,contig_29
SRX567391,contig_42
SRX567395,contig_36
SRX567398,contig_36
SRX567400,contig_29
SRX567401,contig_35
SRX567406,contig_30
SRX567407,contig_33
SRX567408,contig_36
SRX567409,contig_34
SRX567418,contig_33
SRX567419,contig_37
SRX567421,contig_40
SRX567422,contig_30
SRX567423,contig_40
SRX567424,contig_37
SRX567425,contig_30
SRX567426,contig_37
SRX567429,contig_40
SRX567668,contig_41
SRX567669,contig_38
SRX567670,contig_39
SRX567671,contig_31
SRX567834,contig_37
SRX567836,contig_41
SRX567845,contig_33
SRX567846,contig_30
SRX567850,contig_34
SRX567853,contig_40
SRX567855,contig_31
SRX567857,contig_34
SRX567859,contig_33
SRX567862,contig_43
SRX567866,contig_40
SRX567867,contig_39
SRX567873,contig_36
SRX567875,contig_37
SRX567876,contig_36
SRX567877,contig_32
SRX567879,contig_36
SRX567881,contig_33
SRX567883,contig_30
SRX567932,contig_31
SRX567934,contig_41
SRX567935,contig_35
SRX5706443,contig_124
SRX5706447,contig_73
SRX5706624,contig_101
SRX5706664,contig_126
SRX5708074,contig_35
SRX5708075,contig_33
SRX5708076,contig_29
SRX5708077,contig_31
SRX5802629,contig_18
SRX5877556,contig_76
SRX5949549,contig_84
SRX5949550,contig_17
SRX5949551,contig_12
SRX5949552,contig_18
SRX5949553,contig_16
SRX5949554,contig_115
SRX5949555,contig_71
SRX5949556,contig_107
SRX5949557,contig_96
SRX6491180,contig_61
SRX6491182,contig_165
SRX6491193,contig_65
SRX6491196,contig_61
SRX6491198,contig_61
SRX6491201,contig_52
SRX6491203,contig_64
SRX6491204,contig_73
SRX6491205,contig_57
SRX6491206,contig_55
SRX6491207,contig_62
SRX6491208,contig_74
SRX6491209,contig_60
SRX6491210,contig_57
SRX6491211,contig_58
SRX6491212,contig_50
SRX664903,contig_37
SRX6773350,contig_56
SRX6773351,contig_73
SRX6773353,contig_89
SRX6773354,contig_70
SRX6773355,contig_46
SRX6773356,contig_90
SRX6773357,contig_57
SRX6773358,contig_56
SRX6773359,contig_42
SRX6773360,contig_42
SRX6773361,contig_59
SRX6773364,contig_42
SRX6773365,contig_64
SRX6773367,contig_44
SRX6773368,contig_96
SRX6773369,contig_58
SRX6773370,contig_61
SRX6773371,contig_43
SRX6773372,contig_53
SRX6773373,contig_44
SRX6773376,contig_52
SRX6773377,contig_65
SRX6773379,contig_60
SRX6773380,contig_71
SRX6773381,contig_50
SRX6773382,contig_42
SRX6773383,contig_43
SRX6773384,contig_64
SRX6773386,contig_67
SRX6773388,contig_55
SRX6773390,contig_42
SRX6773391,contig_45
SRX6773392,contig_79
SRX6773393,contig_76
SRX6773394,contig_44
SRX6773395,contig_79
SRX6773396,contig_83
SRX6773397,contig_69
SRX6773398,contig_55
SRX6773401,contig_62
SRX6773403,contig_45
SRX6773411,contig_45
SRX6773429,contig_85
SRX6773434,contig_88
SRX6773438,contig_49
SRX6773441,contig_115
SRX6773443,contig_53
SRX6773445,contig_54
SRX6773446,contig_55
SRX6773449,contig_59
SRX6773450,contig_54
SRX6773452,contig_60
SRX6773453,contig_51
SRX6773454,contig_58
SRX6773455,contig_55
SRX6773456,contig_55
SRX6773457,contig_54
SRX6773458,contig_56
SRX6773459,contig_152
SRX6773461,contig_53
SRX6773463,contig_58
SRX6773464,contig_50
SRX6773465,contig_59
SRX6773466,contig_53
SRX6773467,contig_62
SRX6773469,contig_52
SRX6773470,contig_44
SRX6773472,contig_55
SRX6773473,contig_72
SRX6773474,contig_77
SRX6773475,contig_109
SRX6773476,contig_44
SRX6773477,contig_43
SRX6773478,contig_48
SRX6773479,contig_83
SRX6773480,contig_56
SRX6773482,contig_49
SRX6773483,contig_42
SRX6773484,contig_116
SRX6773485,contig_87
SRX6773486,contig_78
SRX6773487,contig_114
SRX6773488,contig_88
SRX6773489,contig_62
SRX6773490,contig_67
SRX6773491,contig_86
SRX6834338,contig_27
SRX6834339,contig_31
SRX6834340,contig_27
SRX6834341,contig_27
SRX6834342,contig_25
SRX6834343,contig_35
SRX6834344,contig_28
SRX6834345,contig_27
SRX6834346,contig_26
SRX6834347,contig_28
SRX6834348,contig_25
SRX6834349,contig_26
SRX6834350,contig_34
SRX6834351,contig_27
SRX6834352,contig_27
SRX6834353,contig_26
SRX6834354,contig_26
SRX6834357,contig_23
SRX6834359,contig_26
SRX6834360,contig_29
SRX6834361,contig_30
SRX6834362,contig_26
SRX6834363,contig_23
SRX6834364,contig_28
SRX6834365,contig_27
SRX6834366,contig_31
SRX6834367,contig_26
SRX6834368,contig_22
SRX6834371,contig_26
SRX6834372,contig_33
SRX6834373,contig_30
SRX6834374,contig_80
SRX6834376,contig_22
SRX6834377,contig_20
SRX6834378,contig_19
SRX6834379,contig_20
SRX6834380,contig_21
SRX6834382,contig_27
SRX6834383,contig_32
SRX6834384,contig_33
SRX6834385,contig_24
SRX6834386,contig_31
SRX6855240,contig_136
SRX6855245,contig_63
SRX6855254,contig_58
SRX6855257,contig_50
SRX6855263,contig_77
SRX6855265,contig_76
SRX6855299,contig_45
SRX6855302,contig_56
SRX6855309,contig_81
SRX6855317,contig_63
SRX6855353,contig_30
SRX6855358,contig_96
SRX6855568,contig_58
SRX6855571,contig_84
SRX6855582,contig_101
SRX6874619,contig_131
SRX6874637,contig_30
SRX6874638,contig_25
SRX6874834,contig_35
SRX6874921,contig_38
SRX6899013,contig_45
SRX6899024,contig_35
SRX6899035,contig_62
SRX6899058,contig_23
SRX6899282,contig_42
SRX6899331,contig_54
SRX6899332,contig_44
SRX6899333,contig_36
SRX6899334,contig_87
SRX6899335,contig_38
SRX6899336,contig_72
SRX6899338,contig_52
SRX6899339,contig_163
SRX6899340,contig_75
SRX6900340,contig_14
SRX6900401,contig_37
SRX6900431,contig_46
SRX6900455,contig_25
SRX6900478,contig_19
SRX6900490,contig_19
SRX6900562,contig_20
SRX6900597,contig_34
SRX6900604,contig_49
SRX6900637,contig_41
SRX6900644,contig_48
SRX6900652,contig_29
SRX7271146,contig_22
SRX7271147,contig_12
SRX7271149,contig_13
SRX7271155,contig_13
SRX7271168,contig_17
SRX7394025,contig_145
SRX7394030,contig_103
SRX7394032,contig_122
SRX7394125,contig_143
SRX7394163,contig_159
SRX7394231,contig_189
SRX7394275,contig_89
SRX7394291,contig_120
SRX7404140,contig_31
SRX7404667,contig_14
SRX7404668,contig_19
SRX7574203,contig_41
SRX7574211,contig_34
SRX761920,contig_62
SRX761926,contig_40
SRX761927,contig_50
SRX761928,contig_50
SRX761944,contig_50
SRX7671575,contig_15
SRX7671579,contig_11
SRX7671590,contig_2
SRX7671603,contig_14
SRX7671618,contig_16
SRX7728079,contig_94
SRX7808089,contig_57
SRX7808090,contig_74
SRX7808091,contig_94
SRX7808092,contig_130
SRX7816726,contig_37
SRX7816731,contig_37
SRX7965876,contig_65
SRX7965877,contig_52
SRX7965878,contig_42
SRX7965879,contig_64
SRX7965880,contig_39
SRX7965881,contig_33
SRX7965882,contig_34
SRX7965883,contig_38
SRX7965884,contig_34
SRX7965885,contig_62
SRX7965886,contig_32
SRX7965887,contig_41
SRX7965888,contig_68
SRX7965889,contig_33
SRX7965890,contig_34
SRX7965891,contig_35
SRX7965892,contig_35
SRX7965893,contig_37
SRX7965895,contig_38
SRX7965896,contig_61
SRX7965897,contig_35
SRX7965898,contig_60
SRX7965899,contig_64
SRX7965900,contig_50
SRX7965901,contig_46
SRX7965902,contig_61
SRX7965903,contig_63
SRX7965904,contig_43
SRX7965905,contig_36
SRX7965906,contig_32
SRX7965908,contig_40
SRX7965909,contig_56
SRX7965910,contig_45
SRX7965915,contig_44
SRX7965918,contig_49
SRX7965919,contig_38
SRX7965921,contig_42
SRX7965922,contig_38
SRX7965923,contig_35
SRX7965925,contig_44
SRX7965926,contig_91
SRX7965928,contig_43
SRX7965929,contig_189
SRX7965930,contig_53
SRX7965931,contig_37
SRX7965932,contig_44
SRX7965933,contig_34
SRX7965935,contig_44
SRX7965941,contig_68
SRX7965943,contig_72
SRX7965944,contig_60
SRX7965946,contig_44
SRX7965947,contig_44
SRX7965948,contig_35
SRX7965949,contig_28
SRX8097915,contig_20
SRX8097916,contig_22
SRX8339637,contig_49
SRX8339666,contig_21
SRX8361274,contig_44
SRX8364004,contig_16
SRX8530235,contig_25
SRX8530236,contig_20
SRX8531096,contig_23
SRX8645834,contig_20
SRX864932,contig_54
SRX8741844,contig_24
SRX8741855,contig_23
SRX8741910,contig_64
SRX8741944,contig_53
SRX8741952,contig_26
SRX8741953,contig_53
SRX8741955,contig_20
SRX8741962,contig_17
SRX8741964,contig_19
SRX8741969,contig_19
SRX8741973,contig_18
SRX8741974,contig_15
SRX8741977,contig_39
SRX8741980,contig_196
SRX8741981,contig_47
SRX8741987,contig_33
SRX8741996,contig_134
SRX8742040,contig_18
SRX8833061,contig_63
SRX8833063,contig_43
SRX8833069,contig_52
SRX8833072,contig_50
SRX8833074,contig_52
SRX8833076,contig_63
SRX8833079,contig_52
SRX8833080,contig_48
SRX8833081,contig_49
SRX8833082,contig_58
SRX8833086,contig_51
SRX8833090,contig_40
SRX8833093,contig_50
SRX8833095,contig_2
SRX8833097,contig_50
SRX8833098,contig_44
SRX8833099,contig_50
SRX8833117,contig_49
SRX8833119,contig_42
SRX8833121,contig_50
SRX886852,contig_39
SRX886853,contig_41
SRX886856,contig_39
SRX886857,contig_41
SRX886858,contig_41
SRX886859,contig_38
SRX886861,contig_39
SRX886862,contig_37
SRX886863,contig_44
SRX886864,contig_39
SRX886865,contig_41
SRX886866,contig_38
SRX886867,contig_34
SRX886869,contig_36
SRX886870,contig_35
SRX886871,contig_37
SRX886874,contig_56
SRX886876,contig_37
SRX886880,contig_44
SRX886882,contig_48
SRX886883,contig_43
SRX886889,contig_45
SRX886891,contig_54
SRX886892,contig_43
SRX886893,contig_38
SRX886894,contig_36
SRX886895,contig_38
SRX886896,contig_37
SRX886900,contig_42
SRX886901,contig_41
SRX886902,contig_54
SRX886904,contig_48
SRX886905,contig_45
SRX886907,contig_38
SRX886908,contig_38
SRX886909,contig_52
SRX886911,contig_41
SRX886915,contig_34
SRX886917,contig_39
SRX886918,contig_46
SRX886921,contig_39
SRX886922,contig_39
SRX886924,contig_39
SRX886925,contig_36
SRX886926,contig_38
SRX886927,contig_44
SRX886928,contig_40
SRX886929,contig_13
SRX886930,contig_38
SRX886931,contig_49
SRX886932,contig_36
SRX886934,contig_33
SRX886937,contig_35
SRX886938,contig_36
SRX886939,contig_36
SRX886940,contig_35
SRX886942,contig_39
SRX886943,contig_40
SRX886945,contig_40
SRX886947,contig_33
SRX886948,contig_39
SRX886949,contig_36
SRX886950,contig_37
SRX886951,contig_39
SRX886954,contig_34
SRX886955,contig_49
SRX886957,contig_41
SRX886958,contig_45
SRX886959,contig_44
SRX886960,contig_38
SRX886961,contig_54
SRX886962,contig_45
SRX886963,contig_40
SRX886964,contig_35
SRX886965,contig_36
SRX886966,contig_37
SRX886969,contig_46
SRX886970,contig_132
SRX886972,contig_39
SRX886973,contig_44
SRX886974,contig_44
SRX886975,contig_47
SRX886976,contig_50
SRX886977,contig_37
SRX886978,contig_44
SRX886979,contig_42
SRX886980,contig_50
SRX886981,contig_48
SRX886982,contig_36
SRX886983,contig_41
SRX886984,contig_34
SRX886985,contig_131
SRX886986,contig_40
SRX886987,contig_40
SRX886988,contig_38
SRX886989,contig_38
SRX886990,contig_36
SRX886992,contig_35
SRX886993,contig_36
SRX886994,contig_40
SRX886997,contig_34
SRX886998,contig_38
SRX886999,contig_34
SRX887000,contig_34
SRX887001,contig_35
SRX887002,contig_34
SRX887004,contig_32
SRX887005,contig_34
SRX887006,contig_29
SRX887007,contig_40
SRX887008,contig_36
SRX887009,contig_35
SRX887010,contig_38
SRX887013,contig_34
SRX887014,contig_37
SRX887015,contig_33
SRX887018,contig_38
SRX887023,contig_39
SRX887025,contig_31
SRX887029,contig_39
SRX887030,contig_32
SRX887031,contig_40
SRX887032,contig_38
SRX887033,contig_36
SRX887034,contig_33
SRX887035,contig_39
SRX887036,contig_36
SRX887037,contig_36
SRX887038,contig_38
SRX887039,contig_37
SRX887040,contig_35
SRX887041,contig_37
SRX887042,contig_39
SRX887043,contig_37
SRX887044,contig_38
SRX887045,contig_51
SRX887046,contig_39
SRX887047,contig_37
SRX887048,contig_38
SRX887049,contig_36
SRX887050,contig_35
SRX887058,contig_33
SRX887059,contig_32
SRX887060,contig_32
SRX887061,contig_33
SRX887064,contig_32
SRX887065,contig_32
SRX887066,contig_34
SRX887067,contig_35
SRX887068,contig_37
SRX887069,contig_33
SRX887074,contig_31
SRX887075,contig_38
SRX887081,contig_35
SRX887082,contig_36
SRX887083,contig_37
SRX887088,contig_32
SRX887092,contig_36
SRX887094,contig_31
SRX887096,contig_31
SRX887097,contig_35
SRX887098,contig_34
SRX887099,contig_38
SRX887100,contig_32
SRX887101,contig_38
SRX887102,contig_34
SRX887103,contig_36
SRX887104,contig_35
SRX887105,contig_37
SRX887106,contig_35
SRX887111,contig_34
SRX887112,contig_37
SRX887113,contig_38
SRX887115,contig_39
SRX887116,contig_42
SRX887117,contig_33
SRX887123,contig_34
SRX887124,contig_36
SRX887126,contig_211
SRX887129,contig_38
SRX887130,contig_38
SRX887131,contig_38
SRX887132,contig_31
SRX887140,contig_30
SRX887142,contig_38
SRX887146,contig_32
SRX887151,contig_37
SRX887152,contig_37
SRX8966529,contig_36
SRX8966547,contig_47
SRX8966548,contig_45
SRX8966577,contig_36
SRX8966583,contig_40
SRX8966586,contig_47
SRX8966592,contig_50
SRX8966594,contig_38
SRX8966597,contig_38
SRX8966634,contig_39
SRX8966636,contig_39
SRX8966637,contig_52
SRX8966638,contig_42
SRX8966639,contig_42
SRX8966642,contig_40
SRX8966652,contig_42
SRX8966655,contig_36
SRX8966656,contig_38
SRX8966658,contig_41
SRX8966661,contig_36
SRX8966662,contig_35
SRX8966663,contig_42
SRX8966672,contig_42
SRX8966681,contig_37
SRX8966682,contig_42
SRX8966690,contig_36
SRX8966691,contig_37
SRX8966695,contig_39
SRX8966698,contig_36
SRX8966699,contig_39
SRX8966705,contig_41
SRX8966714,contig_22
SRX8966716,contig_41
SRX8966727,contig_41
SRX8966738,contig_39
SRX8966741,contig_25
SRX8966749,contig_38
SRX8966752,contig_27
SRX8966753,contig_18
SRX8966754,contig_52
SRX8966759,contig_23
SRX8966763,contig_36
SRX8966764,contig_49
SRX8966765,contig_18
SRX8966768,contig_31
SRX8966772,contig_37
SRX8966778,contig_9
SRX8966784,contig_19
SRX8966788,contig_20
SRX8966792,contig_17
SRX8966795,contig_37
SRX8966796,contig_9
SRX8966798,contig_11
SRX8966807,contig_40
SRX8966809,contig_39
SRX8966813,contig_22
SRX8966819,contig_41
SRX8966821,contig_34
SRX8966823,contig_40
SRX8966835,contig_19
SRX8966841,contig_22
SRX8966843,contig_18
SRX8966848,contig_27
SRX8966855,contig_20
SRX8966856,contig_41
SRX8966857,contig_40
SRX8966872,contig_37
SRX8966873,contig_38
SRX8966875,contig_38
SRX8966880,contig_45
SRX8966888,contig_43
SRX8966891,contig_27
SRX8966899,contig_36
SRX8966901,contig_40
SRX8966902,contig_38
SRX8966909,contig_35
SRX8966910,contig_36
SRX8966911,contig_40
SRX8966912,contig_37
SRX8966917,contig_39
SRX8966918,contig_41
SRX8966919,contig_40
SRX8966938,contig_38
SRX8966941,contig_34
SRX8966947,contig_43
SRX8966957,contig_41
SRX8966958,contig_39
SRX8966972,contig_16
SRX8966973,contig_42
SRX8966974,contig_43
SRX8967002,contig_44
SRX8967003,contig_37
SRX8967035,contig_15
SRX8967037,contig_18
SRX8967042,contig_37
SRX8967047,contig_41
SRX8967054,contig_35
SRX8967055,contig_38
SRX8967056,contig_35
SRX8967057,contig_45
SRX8967074,contig_48
SRX8967075,contig_40
SRX8967076,contig_43
SRX8967099,contig_33
SRX8967100,contig_20
SRX8967114,contig_34
SRX8967115,contig_39
SRX8967125,contig_43
SRX8967129,contig_36
SRX8967133,contig_39
SRX8967136,contig_47
SRX8967147,contig_48
SRX8967169,contig_35
SRX8967190,contig_19
SRX8975330,contig_42
SRX9006560,contig_15
SRX9073291,contig_30
SRX9073293,contig_41
SRX9073324,contig_26
SRX9073326,contig_21
SRX9073385,contig_20
SRX9130878,contig_33
SRX9130883,contig_31
SRX9130887,contig_32
SRX9130890,contig_33
SRX9130892,contig_32
SRX9130893,contig_35
SRX9130904,contig_24
SRX9130905,contig_35
SRX9130906,contig_36
SRX9130908,contig_36
SRX9130914,contig_38
SRX9130915,contig_34
SRX9130916,contig_34
SRX9130917,contig_33
SRX9130919,contig_41
SRX9130921,contig_35
SRX9325104,contig_22
SRX9325105,contig_22
SRX9347577,contig_22
SRX9347578,contig_32
SRX9347586,contig_24
SRX9347592,contig_38
SRX9347599,contig_20
SRX9347604,contig_36
SRX9405448,contig_26
SRX9413426,contig_17
SRX9413427,contig_18
SRX9431811,contig_19
SRX9526977,contig_13
SRX9628955,contig_88
SRX9628958,contig_100
SRX9670544,contig_35
SRX9730906,contig_39
SRX9730926,contig_18
SRX9731025,contig_31
SRX9731028,contig_17
SRX981008,contig_32
SRX981136,contig_37
SRX981144,contig_47
SRX981308,contig_42
SRX981309,contig_42
SRX981454,contig_42
SRX9893804,contig_49
SRX9893827,contig_90
SRX9893829,contig_49
SRX9893844,contig_58
SRX9893873,contig_57
SRX9893952,contig_22
